Он,Аймаг, Байршил,Сар,Амьтны төрөл,Гаралт,Өвчилсөн,Үхсэн
1996,Архангай,Хотонт,2сар,Үхэр ,1,1,1
1996,Архангай,Хотонт,3сар,Үхэр,2,2,2
1996,Архангай,Хотонт,3сар,Үхэр,2,3,3
1996,Архангай,Хашаат,5сар,Үхэр,1,6,6
1996,Баянхонгор ,Баянхонгор,6сар,Нохой,2,5,5
1996,Баянхонгор ,Баянхонгор,7сар,Үхэр,1,1,1
1996,Баянхонгор ,Баянхонгор,11сар,Нохой,1,6,6
1996,Дорнод,Баянтүмэн,3сар,Үхэр,2,2,0
1996,Дорнод,Баянтүмэн,3сар,Нохой,1,2,0
1996,Дорнод,Хүлэнбуйр,3сар,Үхэр,2,3,2
1996,Дорнод,Баянтүмэн,4сар,Үхэр,1,1,1
1996,Дорноговь,Алтанширээ,4сар,Үхэр,1,2,2
1996,Дорноговь,Алтанширээ,6сар,Үхэр,1,1,1
1996,Дундговь,Луус,3сар,Үхэр,1,1,1
1996,Говь-Алтай,Есөнбулаг,1сар,Үхэр,1,1,1
1996,Хэнтий,Баянхутаг,3сар,Үхэр,1,1,1
1996,Хэнтий,Норовлин,3сар,Үхэр,1,77,1
1996,Хэнтий,Цэнхэрмандал,3сар,Үхэр,1,1,1
1996,Хэнтий,Галшар,4сар,Үхэр,1,1,1
1996,Хэнтий,Галшар,12сар,Үхэр,1,2,2
1996,Ховд,Мөст,3сар,Тэмээ,1,2,2
1996,Ховд,Мөст,3сар,Адуу,1,4,4
1996,Ховд,Мөст,3сар,Үхэр,1,1,1
1996,Ховд,Дөргөн,4сар,Тэмээ,1,3,3
1996,Ховд,Ховд,4сар,Үхэр,1,1,1
1996,Ховд,Дуут,5сар,Үхэр,1,1,1
1996,Ховд,Мөст,6сар,Үхэр,1,1,1
1996,Хөвсгөл,Бүрэнтогтох,6сар,Үхэр,1,1,1
1996,Хөвсгөл,Мөрөн,7сар,Үхэр,1,1,1
1996,Хөвсгөл,Мөрөн,7сар,Хонь,1,4,4
1996,Өмнөговь,Цогт-Овоо,4сар,Тэмээ,1,1,1
1996,Өмнөговь,Ханхонгор,5сар,Хонь,1,4,0
1996,Өвөрхангай,Бүрд,3сар,Үхэр,1,6,6
1996,Өвөрхангай,Хайрхандулаан,3сар,Нохой,1,1,1
1996,Өвөрхангай,Хайрхандулаан,3сар,бусад,3,9,9
1996,Өвөрхангай,Хархорин,3сар,Үхэр,1,1,1
1996,Өвөрхангай,Гучин-Ус,6сар,Тэмээ,1,1,1
1996,Өвөрхангай,Өлзийт,6сар,Үхэр,1,1,1
1996,Өвөрхангай,Тарагт,6сар,Үхэр,1,6,6
1996,Өвөрхангай,Сант,9сар,Үхэр,1,2,2
1996,Сүхбаатар,Баяндэлгэр,1сар,Үхэр,1,1,1
1996,Сүхбаатар,Сүхбаатар,1сар,Үхэр,2,8,8
1996,Сүхбаатар,Баяндэлгэр,3сар,Үхэр,2,3,3
1996,Сүхбаатар,Наран,5сар,Үхэр,1,3,3
1996,Сүхбаатар,Сүхбаатар,9сар,Үхэр,1,1,1
1996,Төв,Баяндэлгэр,4сар,Үхэр,1,1,1
1996,Төв,Жаргалант,4сар,Нохой,1,1,1
1996,Төв,Эрдэнэ,4сар,Үхэр,1,1,1
1996,Төв,Эрдэнэ,4сар,Нохой,1,1,1
1996,Төв,Эрдэнэсант,4сар,Үхэр,1,2,2
1996,Төв,Зуунмод,4сар,Нохой,1,1,1
1996,Төв,Эрдэнэсант,11сар,Үхэр,2,5,5
1996,Улаанбаатар,Хан-Уул,9сар,Үхэр,1,2,2
1996,Улаанбаатар,Хан-Уул,9сар,Нохой,1,1,1
1996,Завхан,Сонгино,3сар,Үхэр,2,2,1
1997,Архангай,Хашаат,11сар,Үхэр,1,1,1
1997,Дорнод,Хэрлэн,2сар,Үхэр,2,4,4
1997,Говь-Алтай,Эрдэнэ,3сар,Тэмээ,1,1,1
1997,Говь-Алтай,Эрдэнэ,4сар,Нохой,1,1,1
1997,Хэнтий,Баянхутаг,3сар,Үхэр,1,1,1
1997,Ховд,Мөст,3сар,Тэмээ,2,2,2
1997,Өмнөговь,Гурвантэс,3сар,Тэмээ,3,5,4
1997,Өмнөговь,Номгон,3сар,Ямаа,1,1,0
1997,Өвөрхангай,Өлзийт,2сар,Үхэр,1,2,2
1997,Өвөрхангай,Зүүнбаян-Улаан,11сар,Үхэр,3,3,3
1997,Төв,Эрдэнэсант,1сар,Үхэр,1,3,3
1997,Төв,Эрдэнэсант,3сар,Үхэр,1,3,3
1997,Төв,Эрдэнэ,2сар,Нохой,1,1,1
1997,Улаанбаатар,Хан-Уул,3сар,Нохой,1,1,1
1997,Улаанбаатар,Хан-Уул,6сар,Нохой,2,2,2
1997,Улаанбаатар,Хан-Уул,12сар,Нохой,2,2,2
1997,Увс,Сагил,4сар,Үхэр,1,3,3
1997,Завхан,Идэр,3сар,Үхэр,1,1,1
1997,Завхан,Цагаанхайрхан,3сар,Үхэр,1,2,2
1997,Завхан,Сонгино,4сар,Үхэр,1,2,0
1997,Завхан,Цагаанхайрхан,6сар,Үхэр,2,2,2
1997,Завхан,Алдархаан,12сар,Үхэр,1,1,1
1998,Архангай,Эрдэнэмандал,3сар,Үхэр,2,2,2
1998,Архангай,Хашаат,5сар,Үхэр,1,3,3
1998,Архангай,Жаргалант,10сар,Үхэр,1,3,3
1998,Архангай,Эрдэнэмандал,10сар,Үхэр,3,4,4
1998,Булган,Сайхан,3сар,Үхэр,1,1,1
1998,Дорнод,Булган,3сар,Үхэр,1,1,1
1998,Ховд,Мөст,5сар,Тэмээ,1,1,1
1998,Ховд,Мөст,5сар,Үхэр,2,3,3
1998,Ховд,Мөст,5сар,Хонь,1,1,1
1998,Ховд,Мөст,5сар,Ямаа,2,2,2
1998,Ховд,Ховд,5сар,Үхэр,1,4,4
1998,Ховд,Мөст,6сар,Адуу,2,2,2
1998,Ховд,Мөст,11сар,Үхэр,2,4,4
1998,Ховд,Үенч,11сар,Тэмээ,1,1,1
1998,Ховд,Үенч,11сар,Үхэр,2,5,5
1998,Ховд,Үенч,11сар,Ямаа,1,1,1
1998,Хөвсгөл,Тариалан,2сар,Үхэр,1,2,2
1998,Хөвсгөл,Цагаан-Уул,2сар,Үхэр,1,3,3
1998,Хөвсгөл,Цагаан-Уул,3сар,Адуу,1,2,2
1998,Хөвсгөл,Цагаан-Уул,3сар,Нохой,4,4,4
1998,Хөвсгөл,Цэцэрлэг,5сар,Тэмээ,1,1,1
1998,Хөвсгөл,Цэцэрлэг,5сар,Адуу,3,3,3
1998,Хөвсгөл,Цэцэрлэг,5сар,Үхэр,8,8,8
1998,Хөвсгөл,Цэцэрлэг,5сар,Хонь,1,1,1
1998,Хөвсгөл,Цэцэрлэг,5сар,Нохой,3,3,3
1998,Хөвсгөл,Мөрөн,6сар,Нохой,2,2,2
1998,Хөвсгөл,Мөрөн,7сар,Нохой,7,7,7
1998,Хөвсгөл,Жаргалант,9сар,Үхэр,1,1,1
1998,Хөвсгөл,Цагаан-Уул,9сар,Үхэр,1,1,1
1998,Хөвсгөл,Цагаан-Уул,9сар,Ямаа,1,1,1
1998,Өмнөговь,Мандал-Овоо,3сар,Тэмээ,1,2,2
1998,Өмнөговь,Номгон,7сар,Тэмээ,1,1,1
1998,Өвөрхангай,Хужирт,1сар,Үхэр,2,2,2
1998,Өвөрхангай,Хужирт,1сар,Нохой,1,1,1
1998,Өвөрхангай,Хайрхандулаан,3сар,Үхэр,1,1,1
1998,Өвөрхангай,Арвайхээр,6сар,Үхэр,1,1,1
1998,Өвөрхангай,Арвайхээр,6сар,Ямаа,1,1,1
1998,Сүхбаатар,Баруун-Урт,4сар,Нохой,1,1,1
1999,Архангай,Эрдэнэмандал,2сар,Үхэр,3,4,4
1999,Архангай,Жаргалант,6сар,Адуу,1,4,0
1999,Архангай,Хашаат,6сар,Үхэр,3,3,3
1999,Баян-Өлгий,Буянт,3сар,Үхэр,1,1,1
1999,Баян-Өлгий,Дэлүүн,3сар,Тэмээ,1,2,2
1999,Баян-Өлгий,Булган,3сар,Тэмээ,2,4,4
1999,Баян-Өлгий,Буянт,5сар,Тэмээ,1,2,2
1999,Баян-Өлгий,Дэлүүн,5сар,Тэмээ,1,3,2
1999,Баян-Өлгий,Булган,5сар,Тэмээ,2,2,2
1999,Баян-Өлгий,Дэлүүн,12сар,Тэмээ,2,2,0
1999,Баянхонгор ,Баян-Овоо,6сар,Тэмээ,1,9,9
1999,Говь-Алтай,Чандмань,2сар,Үхэр,1,1,1
1999,Ховд,Буянт,6сар,Үхэр,4,5,5
1999,Ховд,Мянгад,10сар,Үхэр,3,3,2
1999,Хөвсгөл,Тариалан,6сар,Үхэр,2,2,2
1999,Өвөрхангай,Нарийнтээл,12сар,Адуу,1,1,1
1999,Увс,Сагил,6сар,Үхэр,4,6,6
1999,Завхан,Цэцэн-Уул,4сар,Үхэр,2,3,2
1999,Завхан,Эрдэнэхайрхан,4сар,Хонь,1,3,3
1999,Завхан,Эрдэнэхайрхан,4сар,Ямаа,1,2,2
1999,Завхан,Эрдэнэхайрхан,4сар,Нохой,1,3,3
1999,Завхан,Алдархаан,12сар,Тэмээ,1,1,1
1999,Завхан,Цагаанчулуут,12сар,Тэмээ,2,2,2
2000,Архангай,Хашаат,2сар,Үхэр,,1,1
2000,Архангай,Эрдэнэмандал,2сар,Үхэр,,3,3
2000,Архангай,Өгийнуур,3сар,Адуу,,1,1
2000,Архангай,Цахир,3сар,Нохой,,4,4
2000,Архангай,Батцэнгэл,5сар,Тэмээ,,4,4
2000,Баянхонгор ,Гурванбулаг,5сар,Адуу,,2,2
2000,Баянхонгор ,Заг,5сар,Үхэр,,4,4
2000,Баянхонгор ,Бууцагаан,5сар,Хонь,,4,4
2000,Дорнод,Хэрлэн,5сар,Нохой,,14,14
2000,Говь-Алтай,Дарви,6сар,Нохой,,1,1
2000,Говь-Алтай,Шарга,7сар,бог,,60,60
2000,Ховд,Буянт,9сар,Үхэр,,1,1
2000,Хөвсгөл,Шинэ-Идэр,9сар,Үхэр,,1,1
2000,Хөвсгөл,Тариалан,9сар,Ямаа,,1,1
2000,Хөвсгөл,Цэцэрлэг,3сар,Тэмээ,,76,76
2000,Хөвсгөл,Галт,7сар,Тэмээ,,40,40
2000,Өмнөговь,Баян-Овоо,1сар,Үхэр,,4,4
2000,Өмнөговь,Ханбогд,1сар,Нохой,,3,3
2000,Өвөрхангай,Хайрхандулаан,3сар,Үхэр,,1,1
2000,Өвөрхангай,Гучин-Ус,6сар,Үхэр,,3,3
2000,Өвөрхангай,Өлзийт,6сар,Ямаа,,2,2
2000,Өвөрхангай,Нарийнтээл,4сар,Нохой,,3,3
2000,Өвөрхангай,Богд,3сар,бусад,,5,5
2000,Өвөрхангай,Баруунбаян-Улаан,3сар,Тэмээ,,2,2
2000,Сүхбаатар,Тариалан,3сар,Үхэр,,1,1
2000,Сүхбаатар,Баруун-Урт,3сар,бусад,,1,1
2000,Сүхбаатар,Халзан,3сар,Тэмээ,,1,1
2000,Сүхбаатар,Онгон,3сар,Үхэр,,7,7
2000,Төв,Эрдэнэ,3сар,Нохой,,4,4
2000,Завхан,Сонгино,3сар,Тэмээ,,1,1
2000,Завхан,Идэр,3сар,Тэмээ,,2,2
2000,Завхан,Цагаанчулуут,4сар,Тэмээ,,8,8
2000,Завхан,Түдэвтэй,4сар,Ямаа,,6,6
2000,Завхан,Баянтэс,4сар,Үхэр,,1,1
2000,Увс,Наранбулаг,4сар,Хонь,,6,6
2000,Увс,Бөхмөрөн,4сар,Ямаа,,10,10
2000,Увс,Өлгий,5сар,Тэмээ,,1,1
2000,Увс,Хяргас,5сар,Ямаа,,5,5
2000,Баян-Өлгий,Сагсай,5сар,Үхэр,,7,7
2000,Баян-Өлгий,Өлгий,6сар,Үхэр,,8,8
2000,Баян-Өлгий,Булган,6сар,Ямаа,,2,2
2001,Архангай,Хашаат,3сар,Үхэр,1,1,1
2001,Архангай,Жаргалант,6сар,Адуу,3,3,3
2001,Архангай,Жаргалант,6сар,Үхэр,2,2,2
2001,Архангай,Хашаат,6сар,Үхэр,1,1,1
2001,Архангай,Цэцэрлэг,6сар,Ямаа,1,1,1
2001,Баян-Өлгий,Толбо,2сар,Тэмээ,6,3,3
2001,Баян-Өлгий,Толбо,2сар,Үхэр,6,1,1
2001,Баян-Өлгий,Толбо,2сар,Хонь,6,4,4
2001,Баян-Өлгий,Толбо,2сар,Ямаа,6,3,3
2001,Баян-Өлгий,Толбо,3сар,Тэмээ,5,2,2
2001,Баян-Өлгий,Толбо,3сар,Үхэр,,1,1
2001,Баян-Өлгий,Толбо,3сар,Хонь,,6,6
2001,Баян-Өлгий,Толбо,3сар,Ямаа,,2,2
2001,Баян-Өлгий,Дэлүүн,4сар,Үхэр,1,1,1
2001,Баян-Өлгий,Толбо,4сар,Нохой,3,3,3
2001,Баян-Өлгий,Дэлүүн,5сар,Ямаа,1,1,1
2001,Баян-Өлгий,Дэлүүн,5сар,Үхэр,6,6,6
2001,Баян-Өлгий,Дэлүүн,6сар,Үхэр,1,1,1
2001,Баян-Өлгий,Дэлүүн,6сар,Ямаа,1,6,6
2001,Баянхонгор ,Гурванбулаг,2сар,Үхэр,1,3,3
2001,Баянхонгор ,Гурванбулаг,2сар,Хонь,1,1,1
2001,Баянхонгор ,Гурванбулаг,2сар,Ямаа,1,1,1
2001,Баянхонгор ,Гурванбулаг,5сар,Нохой,1,1,1
2001,Баянхонгор ,Баян-Овоо,9сар,Нохой,2,2,2
2001,Булган,Дашинчилэн,5сар,бусад,1,1,1
2001,Дорнод,Баяндун,1сар,Үхэр,1,1,1
2001,Дорнод,Цагаан-Овоо,1сар,Нохой,1,1,1
2001,Дорноговь,Эрдэнэ,3сар,Үхэр,1,1,1
2001,Говь-Алтай,Шарга,1сар,Тэмээ,2,3,3
2001,Говь-Алтай,Шарга,1сар,Үхэр,2,2,2
2001,Говь-Алтай,Алтай,2сар,Үхэр,2,3,3
2001,Говь-Алтай,Бугат,2сар,Тэмээ,1,1,1
2001,Говь-Алтай,Дарви,2сар,Тэмээ,2,3,3
2001,Говь-Алтай,Халиун,2сар,Тэмээ,3,3,3
2001,Говь-Алтай,Шарга,2сар,Тэмээ,3,3,3
2001,Говь-Алтай,Алтай,3сар,Үхэр,1,2,2
2001,Говь-Алтай,Бугат,3сар,Адуу,1,1,1
2001,Говь-Алтай,Дарви,3сар,Тэмээ,2,2,2
2001,Говь-Алтай,Жаргалант,3сар,Үхэр,1,1,1
2001,Говь-Алтай,Жаргалант,3сар,Ямаа,1,2,2
2001,Говь-Алтай,Тонхил,3сар,бусад,1,1,1
2001,Говь-Алтай,Халиун,3сар,Тэмээ,4,5,5
2001,Говь-Алтай,Халиун,3сар,Үхэр,1,1,1
2001,Говь-Алтай,Чандмань,3сар,бусад,1,1,1
2001,Говь-Алтай,Шарга,3сар,Тэмээ,10,12,12
2001,Говь-Алтай,Шарга,3сар,Үхэр,3,4,4
2001,Говь-Алтай,Эрдэнэ,3сар,Нохой,1,1,1
2001,Говь-Алтай,Есөнбулаг,3сар,Тэмээ,1,2,2
2001,Говь-Алтай,Бигэр,3сар,Тэмээ,1,1,1
2001,Говь-Алтай,Тонхил,4сар,Тэмээ,1,1,1
2001,Говь-Алтай,Тонхил,4сар,Ямаа,2,2,2
2001,Говь-Алтай,Тонхил,4сар,Үхэр,2,2,2
2001,Говь-Алтай,Бигэр,4сар,Хонь,1,2,2
2001,Говь-Алтай,Бигэр,4сар,Ямаа,1,2,2
2001,Говь-Алтай,Цээл,5сар,Тэмээ,3,3,3
2001,Говь-Алтай,Цээл,5сар,Нохой,4,4,4
2001,Говь-Алтай,Цээл,5сар,бусад,1,4,4
2001,Говь-Алтай,Шарга,5сар,Хонь,1,3,3
2001,Говь-Алтай,Есөнбулаг,5сар,Нохой,5,5,5
2001,Говь-Алтай,Шарга,9сар,Тэмээ,2,2,2
2001,Говь-Алтай,Шарга,9сар,Нохой,1,1,1
2001,Ховд,Буянт,3сар,Үхэр,2,3,3
2001,Ховд,Буянт,3сар,Хонь,1,2,2
2001,Ховд,Манхан,3сар,Үхэр,2,3,3
2001,Ховд,Чандмань,3сар,Тэмээ,14,16,16
2001,Ховд,Чандмань,3сар,Үхэр,14,16,16
2001,Ховд,Чандмань,3сар,Хонь,2,2,2
2001,Ховд,Чандмань,3сар,Нохой,3,3,3
2001,Ховд,Ховд,3сар,Үхэр,5,8,8
2001,Ховд,Мянгад,4сар,Тэмээ,2,2,2
2001,Ховд,Ховд,4сар,Үхэр,1,1,1
2001,Ховд,Мянгад,6сар,Тэмээ,1,2,2
2001,Ховд,Мянгад,6сар,Үхэр,1,2,2
2001,Хөвсгөл,Арбулаг,1сар,Үхэр,1,4,4
2001,Хөвсгөл,Арбулаг,1сар,Нохой,1,1,1
2001,Хөвсгөл,Арбулаг,2сар,Нохой,1,1,1
2001,Хөвсгөл,Тариалан,2сар,Адуу,1,1,1
2001,Хөвсгөл,Арбулаг,3сар,Үхэр,2,4,4
2001,Хөвсгөл,Арбулаг,3сар,Нохой,3,3,3
2001,Хөвсгөл,Их-Уул,3сар,Үхэр,1,2,2
2001,Хөвсгөл,Их-Уул,3сар,Нохой,1,1,1
2001,Хөвсгөл,Их-Уул,4сар,Үхэр,4,5,5
2001,Хөвсгөл,Тосонцэнгэл,4сар,бусад,1,1,1
2001,Хөвсгөл,Их-Уул,7сар,Үхэр,1,1,1
2001,Өвөрхангай,Баруунбаян-Улаан,3сар,Үхэр,1,1,1
2001,Өвөрхангай,Арвайхээр,4сар,Нохой,1,1,1
2001,Өвөрхангай,Арвайхээр,4сар,бусад,,1,1
2001,Өвөрхангай,Баруунбаян-Улаан,5сар,Тэмээ,1,1,1
2001,Өвөрхангай,Богд,6сар,Тэмээ,3,3,3
2001,Өвөрхангай,Нарийнтээл,6сар,бусад,1,1,1
2001,Өвөрхангай,Өлзийт,6сар,Үхэр,1,1,1
2001,Өвөрхангай,Уянга,6сар,Адуу,1,2,2
2001,Өвөрхангай,Хайрхандулаан,6сар,Хонь,1,4,4
2001,Өвөрхангай,Хайрхандулаан,6сар,Нохой,1,2,2
2001,Увс,Цагаанхайрхан,3сар,Бог,2,20,20
2001,Увс,Тэс,4сар,Үхэр,1,1,1
2001,Увс,Тэс,4сар,Нохой,1,4,4
2001,Увс,Улаангом,4сар,Хонь,3,3,3
2001,Увс,Тэс,5сар,Адуу,1,1,1
2001,Увс,Тэс,5сар,Хонь,1,1,1
2001,Увс,Зүүнхангай,6сар,Тэмээ,1,1,1
2001,Увс,Зүүнхангай,6сар,Нохой,2,2,2
2001,Увс,Тэс,6сар,Үхэр,3,14,14
2001,Увс,Улаангом,6сар,Нохой,3,3,3
2001,Увс,Тэс,9сар,Адуу,2,2,2
2001,Завхан,Цагаанчулуут,1сар,Тэмээ,2,1,1
2001,Завхан,Цагаанчулуут,1сар,Ямаа,2,1,1
2001,Завхан,Алдархаан,3сар,Тэмээ,1,1,1
2001,Завхан,Алдархаан,3сар,Үхэр,2,2,2
2001,Завхан,Отгон,3сар,Ямаа,1,1,1
2001,Завхан,Цагаанчулуут,4сар,Тэмээ,2,2,2
2001,Завхан,Цагаанчулуут,6сар,Тэмээ,1,1,1
2001,Завхан,Баянтэс,6сар,Үхэр,1,1,1
2001,Завхан,Баянтэс,6сар,Хонь,1,6,6
2001,Завхан,Баянтэс,6сар,Ямаа,1,3,3
2002,Архангай ,Батцэнгэл,1сар,Үхэр,1,1,1
2002,Архангай ,Цэцэрлэг,1сар,Үхэр,1,1,1
2002,Архангай ,Чулуут,1сар,Үхэр ,1,3,3
2002,Архангай ,Хангай ,2сар,Үхэр,1,2,2
2002,Архангай ,Хангай ,2сар,Нохой ,1,1,1
2002,Архангай ,Хашаат,5сар,Үхэр,2,2,2
2002,Архангай ,Хангай ,6сар,Үхэр ,6,6,6
2002,Архангай ,Цэцэрлэг,6сар,Үхэр,3,3,3
2002,Архангай ,Эрдэнэбулган,8сар,Үхэр,1,1,1
2002,Архангай ,Чулуут,9сар,Үхэр,1,1,1
2002,Архангай ,Батцэнгэл,11сар,Үхэр ,1,3,3
2002,Архангай ,Цэцэрлэг ,11сар,Үхэр ,1,2,2
2002,Баян-Өлгий,Цэнгэл,5сар,Тэмээ ,1,1,1
2002,Баян-Өлгий,Булган ,7сар,Адуу,4,8,8
2002,Баян-Өлгий,Булган ,7сар,Хонь,2,6,6
2002,Баянхонгор ,Баянбулаг,2сар,Үхэр ,4,6,6
2002,Баянхонгор ,Баянбулаг,2сар,Ямаа ,,1,1
2002,Баянхонгор ,Баянбулаг,2сар,Нохой ,,1,1
2002,Баянхонгор ,Гурванбулаг,3сар,Нохой ,1,1,1
2002,Баянхонгор ,Баацагаан,3сар,Ямаа ,1,1,1
2002,Баянхонгор ,Гурванбулаг,7сар,Нохой ,1,1,1
2002,Булган ,Тэшиг ,4сар,Үхэр ,1,1,1
2002,Говь-Алтай,Баян-Уул,3сар,Тэмээ,4,4,4
2002,Говь-Алтай,Халиун,3сар,Тэмээ,3,3,3
2002,Говь-Алтай,Есөнбулаг,3сар,Үхэр ,1,1,1
2002,Говь-Алтай,Баян-Уул,6сар,Тэмээ,1,3,3
2002,Говь-Алтай,Есөнбулаг,6сар,Үхэр ,1,1,1
2002,Ховд,Эрдэнэбүрэн,1сар ,Нохой ,1,1,1
2002,Ховд,Буянт,6сар,Үхэр ,3,4,4
2002,Ховд,Буянт,12сар,Үхэр,4,8,8
2002,Ховд,Мөст,12сар ,Үхэр ,1,1,1
2002,Ховд,Мөст,12сар,Нохой ,3,3,3
2002,Хөвсгөл,Тариалан,3сар,Үхэр ,1,3,3
2002,Хөвсгөл,Тариалан,3сар,Хонь,1,1,1
2002,Хөвсгөл,Чандмань-Өндөр,3сар,Нохой ,1,1,1
2002,Хөвсгөл,Тариалан,4сар,Адуу,2,2,2
2002,Хөвсгөл,Тосонцэнгэл,4сар,Нохой ,1,1,1
2002,Хөвсгөл,Цэцэрлэг,4сар,Тэмээ ,1,1,1
2002,Хөвсгөл,Цэцэрлэг ,4сар,Үхэр ,1,1,1
2002,Хөвсгөл,Тариалан,4сар,Үхэр ,5,6,6
2002,Хөвсгөл,Тосонцэнгэл,5сар,Хонь,1,1,1
2002,Хөвсгөл,Тосонцэнгэл,5сар,бусад,1,3,3
2002,Хөвсгөл,Эрдэнэбулган,5сар,Ямаа ,1,3,3
2002,Хөвсгөл,Их-Уул,6сар,Үхэр ,1,1,1
2002,Хөвсгөл,Рашаант ,6сар,Адуу ,3,14,14
2002,Хөвсгөл,Рашаант ,6сар,Үхэр ,1,1,1
2002,Хөвсгөл,Эрдэнэбулган,6сар,Ямаа ,1,3,3
2002,Өвөрхангай,Төгрөг,1сар,Тэмээ ,1,1,1
2002,Өвөрхангай,Арвайхээр,1сар ,Нохой ,1,2,2
2002,Өвөрхангай,Төгрөг,2сар,Ямаа ,1,2,2
2002,Өвөрхангай,Төгрөг,2сар,Нохой ,1,3,3
2002,Өвөрхангай,Баян-Өндөр,3сар,Үхэр ,2,2,2
2002,Өвөрхангай,Баян-Өндөр,3сар,Ямаа ,2,2,2
2002,Өвөрхангай,Тарагт ,3сар,Үхэр ,1,1,1
2002,Өвөрхангай,Тарагт ,3сар,Хонь,1,2,2
2002,Өвөрхангай,Төгрөг,3сар,Тэмээ ,3,3,3
2002,Өвөрхангай,Арвайхээр,3сар,Үхэр ,1,1,1
2002,Өвөрхангай,Төгрөг,4сар,Тэмээ ,1,1,1
2002,Өвөрхангай,Гучин-Ус,5сар,Нохой,1,1,1
2002,Өвөрхангай,Нарийнтээл,6сар,Ямаа ,1,1,1
2002,Өвөрхангай,Нарийнтээл,6сар,Нохой ,1,1,1
2002,Өвөрхангай,Нарийнтээл,6сар,бусад,1,1,1
2002,Өвөрхангай,Нарийнтээл,6сар,бог,1,3,3
2002,Сүхбаатар ,Баруун-Урт,3сар,Хонь,1,6,6
2002,Сүхбаатар ,Наран ,6сар,Үхэр ,2,2,2
2002,Сүхбаатар,Баруун-Урт,6сар,Хонь,1,7,7
2002,Төв,Дэлгэрхаан,3сар,Үхэр ,1,1,1
2002,Төв,Дэлгэрхаан,3сар,Нохой ,1,2,2
2002,Төв,Баянчандмань,9сар,Адуу,1,1,1
2002,Увс ,Өмнөговь,3сар,тэмээ ,2,2,0
2002,Увс ,Цагаанхайрхан ,3сар,Үхэр ,4,5,5
2002,Увс ,Өмнөговь,4сар,Тэмээ ,1,1,1
2002,Увс ,Тэс ,5сар,Тэмээ,1,1,1
2002,Увс ,Тэс,5сар,Хонь ,3,4,4
2002,Увс ,Наранбулаг,6сар,Ямаа,1,2,2
2002,Увс ,Өмнөговь,6сар,Тэмээ,1,1,1
2002,Увс ,Тэс,6сар,Хонь,1,2,2
2002,Увс ,Түргэн,9сар,Адуу ,1,1,1
2002,Завхан ,Цагаанхайрхан ,3сар,Үхэр ,1,1,1
2002,Завхан ,Шилүүстэй,3сар,Тэмээ ,2,2,2
2002,Завхан ,Сонгино,6сар,Хонь,2,2,2
2002,Завхан ,Цагаанчулуут ,6сар,Тэмээ ,1,1,1
2003,Архангай ,Цэцэрлэг,2сар,Үхэр ,2,2,2
2003,Архангай ,Цэцэрлэг,3сар,Үхэр ,1,1,1
2003,Архангай ,Чулуут,11сар ,Үхэр,1,1,1
2003,Баян-Өлгий,Баяннуур,3сар,Тэмээ ,1,1,1
2003,Баян-Өлгий,Дэлүүн,4сар,Ямаа ,1,1,1
2003,Баян-Өлгий,Баяннуур ,12сар ,Тэмээ ,1,1,0
2003,Говь-Алтай,Дарви,3сар,Үхэр ,1,1,1
2003,Хэнтий ,Дэлгэрхаан,6сар,Хонь,1,1,1
2003,Хэнтий ,Мөрөн,6сар,Үхэр,1,3,3
2003,Ховд,Мянгад,6сар,Тэмээ ,1,1,1
2003,Ховд,Мянгад,6сар,Үхэр ,1,1,1
2003,Ховд,Мянгад,6сар,Нохой ,1,1,1
2003,Хөвсгөл,Тосонцэнгэл,3сар,Нохой ,1,1,1
2003,Хөвсгөл,Арбулаг,4сар,Тэмээ ,1,1,1
2003,Хөвсгөл,Тариалан,6сар,Үхэр ,1,1,1
2003,Өвөрхангай,Сант ,2сар,Үхэр ,1,1,1
2003,Өвөрхангай,Баруунбаян-Улаан,4сар,Нохой ,1,1,1
2003,Өвөрхангай,Хужирт,4сар,Нохой ,1,1,1
2003,Өвөрхангай,Баруунбаян-Улаан,5сар,Тэмээ ,1,2,2
2003,Өвөрхангай,Бүрд,5сар,Ямаа ,1,1,1
2003,Өвөрхангай,Бүрд,5сар,Нохой ,1,1,1
2003,Өвөрхангай,Баруунбаян-Улаан,6сар,Адуу ,1,1,1
2003,Өвөрхангай,Сант ,6сар,Үхэр ,1,1,1
2003,Төв,Лүн,3сар,Үхэр ,1,2,2
2003,Завхан ,Цагаанчулуут ,9сар,Үхэр ,1,1,1
2004,Архангай,Ихтамир,5сар,Хонь,6,7,7
2004,Баянхонгор ,Эрдэнэцогт,2сар,Хонь,1,2,2
2004,Говь-Алтай,Тайшир,6сар,Үхэр,1,5,5
2004,Хөвсгөл,Галт,3сар,Үхэр,1,2,2
2004,Хөвсгөл,Мөрөн,4сар,Адуу,1,5,5
2004,Өвөрхангай,Арвайхээр,3сар,Нохой,2,3,3
2004,Сүхбаатар,Уул-баян,8сар,Үхэр,2,2,2
2004,Завхан,Алдархаан ,1сар,Адуу,4,6,6
2004,Завхан,Сонгино,10сар,Ямаа,1,5,5
2004,Завхан,Шилүүстэй,9сар,Нохой,3,6,6
2005,Говь-Алтай,Шарга,2сар,Нохой,1,3,3
2005,Говь-Алтай,Есөнбулаг,4сар,Адуу,3,4,3
2005,Завхан,Цагаанчулуут,7сар,Үхэр,1,2,2
2005,Өвөрхангай,Хайрхандулаан,9сар,Хонь,2,4,4
2005,Өвөрхангай,Нарийнтээл,4сар,Хонь,4,7,7
2005,Дархан-Уул,,,,1,2,2
2005,Увс ,Улаангом,1сар,Хонь,1,1,1
2005,Увс ,Бөхмөрөн,2сар,Адуу,2,3,3
2005,Увс ,Тэс,2сар,Үхэр,1,1,1
2005,Хөвсгөл,Арбулаг,3сар,Нохой,2,2,2
2005,Хөвсгөл,Их-Уул,3сар,Үхэр,1,2,2
2005,Хөвсгөл,Их-Уул,3сар,Нохой,1,1,1
2005,Хөвсгөл,Цагаан-Уул,4сар,Ямаа,1,1,1
2005,Хөвсгөл,Цагаан-Уул,5сар,Хонь,1,1,1
2006,Баян-Өлгий,Баяннуур,2сар,Үхэр ,1,1,1
2006,Баян-Өлгий,Толбо,2сар,Үхэр ,2,2,2
2006,Баян-Өлгий,Дэлүүн,3сар,Адуу,1,3,3
2006,Баян-Өлгий,Толбо,6сар,Адуу,1,3,3
2006,Говь-Алтай,Жаргалант,3сар,Ямаа,1,2,2
2006,Говь-Алтай,Тонхил,3сар,бусад,1,3,2
2006,Говь-Алтай,Шарга,1сар,Тэмээ,2,3,3
2006,Говь-Алтай,Шарга,1сар,Үхэр,2,2,2
2006,Говь-Алтай,Бигэр,4сар,Ямаа,1,2,2
2006,Говь-Алтай,Цээл,5сар,Тэмээ,3,7,4
2006,Завхан,Отгон,3сар,Ямаа,1,1,1
2006,Завхан,Цагаанчулуут,4сар,Тэмээ,2,2,2
2006,Завхан,Цагаанчулуут,6сар,Тэмээ,1,5,5
2006,Сүхбаатар,Баруун-Урт,,Үхэр,1,2,2
2006,Сэлэнгэ,Цагааннуур,8сар,Нохой,6,6,4
2006,Увс,Тэс ,5сар,Тэмээ,1,4,4
2006,Увс,Тэс,5сар,Хонь ,3,4,4
2006,Увс,Наранбулаг,6сар,Ямаа,1,2,2
2006,Ховд,Эрдэнэбүрэн,1сар ,Нохой ,1,1,1
2006,Ховд,Буянт,6сар,Үхэр ,3,10,7
2006,Ховд,Буянт,6сар,Үхэр ,3,4,4
2006,Ховд,Буянт,12сар,Үхэр,4,8,8
2006,Ховд,Мөст,12сар,Үхэр,8,16,14
2006,Хөвсгөл,Их-Уул,3сар,Үхэр,1,2,2
2006,Хэнтий,Баянхутаг,3сар,Үхэр,1,2,1
2006,Хэнтий,Норовлин,3сар,Үхэр,1,1,1
2006,Хэнтий,Цэнхэрмандал,3сар,Үхэр,1,1,1
2007,Говь-Алтай,Тонхил,2сар,Адуу,3,4,4
2007,Булган,Гурванбулаг,4сар,Үхэр,4,5,4
2007,Булган,Баяннуур,5сар,Нохой,2,2,2
2007,Говь-Алтай,Шарга,2сар,Адуу,2,2,2
2007,Сүхбаатар,Баяндэлгэр,1сар,Үхэр,1,1,1
2007,Сүхбаатар,Сүхбаатар,1сар,Үхэр,2,5,5
2007,Төв,Төв,5сар,Нохой,1,1,1
2007,Увс,Бөхмөрөн,3сар,Тэмээ,1,1,1
2007,Ховд,Ховд,7сар,Адуу,1,2,2
2007,Ховд,Ховд,8сар,Нохой,1,1,1
2007,Хөвсгөл,Арбулаг,3сар,Үхэр ,2,4,4
2008,Говь-Алтай,Тонхил,1сар,Адуу,1,1,1
2008,Архангай,Жаргалант,5сар,бусад,1,1,1
2008,Архангай,Хашаат,6сар,Адуу,1,3,3
2008,Архангай,Цэцэрлэг,6сар,Үхэр ,1,2,1
2008,Архангай,Жаргалант,7сар,Чоно,1,1,1
2008,Булган,Гурванбулаг ,5сар,Адуу,2,2,2
2008,Булган,Гурванбулаг ,5сар,Үхэр,1,1,1
2008,Булган,Гурванбулаг ,5сар,Нохой,1,1,1
2008,Булган,Гурванбулаг ,5сар,Буга,1,1,1
2008,Булган,Баяннуур ,5сар,Үхэр,1,1,1
2008,Булган,Гурванбулаг,6сар,Адуу,2,2,2
2008,Булган,Гурванбулаг ,6сар,Үхэр,16,6,6
2008,Булган,Гурванбулаг ,6сар,Нохой,7,7,7
2008,Булган,Баяннуур,6сар,Үхэр,3,5,5
2008,Хөвсгөл,Цэцэрлэг ,3сар,Үхэр,1,1,1
2008,Хөвсгөл,Галт,5сар,Ямаа,2,2,2
2008,Хөвсгөл,Галт,5сар,бусад,2,2,2
2008,Хөвсгөл,Галт,5сар,Ямаа,1,7,7
2008,Хөвсгөл,Галт,6сар,Хонь,6,12,8
2008,Хөвсгөл,Галт,6сар,Ямаа,4,4,4
2008,Хөвсгөл,Галт ,6сар,бусад,1,2,2
2008,Хөвсгөл,Шинэ-Идэр,6сар,Нохой,1,2,0
2008,Хөвсгөл,Шинэ-Идэр,6сар,бусад,1,1,1
2008,Хөвсгөл,Бүрэнтогтох,6сар,Үхэр,1,6,5
2008,Сэлэнгэ,Сүхбаатар,4сар,Нохой,1,1,1
2008,Улаанбаатар,Хан-уул,5сар,бусад,1,1,0
2008,Завхан,Нөмрөг,3сар,Үхэр,1,2,1
2009,Архангай,Жаргалант,10сар,үхэр,1,1,1
2009,Баян-Өлгий,Улаанхус,3сар,хонь,1,2,
2009,Баянхонгор,Эрдэнэцогт,3сар,үхэр,,1,1
2009,Булган,Баяннуур,2сар,үхэр,2,3,3
2009,Булган,Баяннуур,4сар,үхэр,,2,
2009,Булган,Баяннуур,5сар,үхэр,1,1,1
2009,Булган,Хишиг-Өндөр,7сар,үхэр,1,1,1
2009,Говь-Алтай,Цээл,1сар,үхэр,1,1,1
2009,Говь-Алтай,Шарга,4сар,ямаа,1,1,
2009,Дундговь,Эрдэнэдалай,8сар,үхэр,2,2,
2009,Дундговь,Дэлгэрхангай,8сар,үхэр,1,3,
2009,Дундговь,Хулд,8сар,үхэр,5,5,
2009,Дундговь,Эрдэнэдалай,9сар,үхэр,2,3,1
2009,Дундговь,Дэлгэрхангай,9сар,тэмээ,1,1,
2009,Өвөрхангай,Нарийнтээл,4сар,үхэр,1,1,1
2009,Өвөрхангай,Хужирт,6сар,ямаа,1,1,1
2009,Төв,Эрдэнэсант,5сар,үхэр,1,1,1
2009,Төв,Цээл,5сар,үхэр,1,1,1
2009,Төв,Зуунмод,5сар,адуу,1,1,1
2009,Төв,Эрдэнэ,6сар,үхэр,1,1,1
2009,Увс,Тэс,3сар,адуу,1,1,1
2009,Увс,Тэс,3сар,хонь,2,4,2
2009,Увс,Тэс,3сар,ямаа,3,18,12
2009,Увс,Өмнөговь,6сар,тэмээ,1,1,1
2009,Ховд,Дөргөн,3сар,тэмээ,2,3,1
2009,Ховд,Дөргөн,3сар,хонь,,1,
2009,Ховд,Дөргөн,3сар,ямаа,1,1,1
2009,Ховд,Буянт,8сар,үхэр,1,1,1
2009,Хөвсгөл,Цагаан-Уул,1сар,хонь,1,1,1
2009,Хөвсгөл,Цагаан-Уул,1сар,ямаа,,1,
2009,Хөвсгөл,Цагаан-Уул,1сар,нохой,,5,
2009,Хөвсгөл,Баянзүрх,2сар,нохой,1,1,
2009,Хөвсгөл,Түнэл,2сар,хонь,1,1,1
2009,Хөвсгөл,Рашаант,6сар,үхэр,2,3,3
2009,Хөвсгөл,Их-уул,7сар,үхэр,1,2,1
2009,Хөвсгөл,Их-уул,10сар,үхэр,1,1,1
2010,Архангай,Булган,1сар,Чоно,1,1,1
2010,Архангай,Өндөр-Улаан,1сар,үхэр,1,2,2
2010,Архангай,Тариат,1сар,үхэр,2,4,4
2010,Архангай,Эрдэнэмандал,1сар,үхэр,1,1,1
2010,Архангай,Батцэнгэл,3сар,Чоно,1,1,
2010,Архангай,Булган,3сар,үхэр,1,2,2
2010,Архангай,Булган,3сар,үнэг,1,1,1
2010,Архангай,Цэнхэр,3сар,үхэр,1,1,1
2010,Архангай,Эрдэнэмандал,3сар,үхэр,1,5,5
2010,Архангай,Батцэнгэл,4сар,нохой,1,1,1
2010,Архангай,Батцэнгэл,4сар,Нохой,1,1,1
2010,Архангай,Ихтамир,7сар,адуу,1,1,1
2010,Архангай,Эрдэнэбулган,9сар,адуу,1,1,1
2010,Архангай,Цахир,9сар,үхэр,1,3,1
2010,Архангай,Цэнхэр,10сар,Чоно,1,1,1
2010,Баянхонгор,Баянлэг,1сар,тэмээ,2,3,1
2010,Баянхонгор,Баянлэг,1сар,ямаа,1,1,1
2010,Баянхонгор,Богд,2сар,тэмээ,1,1,1
2010,Баянхонгор,Баацагаан,2сар,үхэр,1,1,1
2010,Баянхонгор,Баянлэг,3сар,тэмээ,10,16,4
2010,Баянхонгор,Баацагаан,3сар,нохой,1,1,1
2010,Баянхонгор,Баянлэг,4сар,тэмээ,1,1,
2010,Баянхонгор,Баянлэг,4сар,тэмээ,1,1,
2010,Баянхонгор,Жинст,4сар,үхэр,1,2,
2010,Баянхонгор,Жинст,4сар,үхэр,1,2,
2010,Баянхонгор,Баянбулаг,10сар,Чоно,1,1,
2010,Булган,Орхон,1сар,адуу,1,1,1
2010,Булган,Бүрэгхангай,3сар,үнэг,1,3,3
2010,Булган,Орхон,3сар,ямаа,,1,1
2010,Булган,Орхон,3сар,нохой,1,1,1
2010,Булган,Сайхан,3сар,үхэр,1,1,1
2010,Булган,Сайхан,3сар,хонь,,1,1
2010,Булган,Бугат,4сар,үнэг,1,1,1
2010,Булган,Бүрэгхангай,4сар,үнэг,1,1,1
2010,Булган,Гурванбулаг,4сар,үхэр,1,1,1
2010,Булган,Гурванбулаг,4сар,нохой,,3,3
2010,Булган,Орхон,4сар,үхэр,2,3,3
2010,Булган,Орхон,4сар,ямаа,,1,1
2010,Булган,Орхон,4сар,нохой,,1,1
2010,Булган,Орхон,4сар,үнэг,1,2,2
2010,Булган,Булган,4сар,нохой,1,1,1
2010,Булган,Орхон,6сар,нохой,1,1,1
2010,Булган,Орхон,6сар,үнэг,1,1,1
2010,Булган,Булган,11сар,үхэр,1,1,
2010,Дархан-Уул,Хонгор,9сар,,1,1,1
2010,Дорноговь,Мандах,1сар,ямаа,2,8,
2010,Дорноговь,Мандах,2сар,тэмээ,1,2,2
2010,Дорноговь,Мандах,2сар,үхэр,1,1,1
2010,Дорноговь,Мандах,2сар,ямаа,1,2,
2010,Дорноговь,Мандах,3сар,тэмээ,1,3,3
2010,Дорноговь,Сайншанд,3сар,тэмээ,1,1,
2010,Дорноговь,Хөвсгөл,8сар,тэмээ,3,8,5
2010,Дорноговь,Мандах,9сар,тэмээ,3,3,3
2010,Дорноговь,Өргөн,9сар,хонь,1,8,8
2010,Дорноговь,Өргөн,9сар,ямаа,,2,2
2010,Дорноговь,Өргөн,9сар,Чоно,1,2,2
2010,Дундговь,Гурвансайхан,2сар,ямаа,1,1,
2010,Дундговь,Гурвансайхан,2сар,үнэг,,1,
2010,Дундговь,Эрдэнэдалай,2сар,нохой,1,1,
2010,Дундговь,Эрдэнэдалай,2сар,үнэг,1,2,2
2010,Дундговь,Луус,2сар,хонь,1,2,
2010,Дундговь,Луус,2сар,үнэг,,1,
2010,Дундговь,Өлзийт,2сар,үхэр,1,1,1
2010,Дундговь,Өлзийт,2сар,хонь,3,4,3
2010,Дундговь,Өлзийт,2сар,үнэг,1,1,1
2010,Дундговь,Хулд,2сар,хонь,2,1,1
2010,Дундговь,Хулд,2сар,ямаа,1,1,1
2010,Дундговь,Хулд,2сар,үнэг,,1,1
2010,Дундговь,Адаацаг,3сар,нохой,1,1,
2010,Дундговь,Баянжаргалан,3сар,үхэр,1,1,
2010,Дундговь,Дэлгэрхангай,3сар,ямаа,1,1,1
2010,Дундговь,Дэлгэрхангай,3сар,үнэг,,1,
2010,Дундговь,Луус,3сар,хонь,1,1,1
2010,Дундговь,Луус,3сар,ямаа,1,1,1
2010,Дундговь,Цагаандэлгэр,3сар,үнэг,1,2,1
2010,Дундговь,Говь-Угтаал,5сар,тэмээ,1,1,1
2010,Дундговь,Говь-Угтаал,5сар,үнэг,,1,1
2010,Дундговь,Өлзийт,5сар,тэмээ,1,1,1
2010,Дундговь,Өлзийт,5сар,хонь,4,6,4
2010,Дундговь,Өлзийт,5сар,нохой,1,1,
2010,Дундговь,Сайнцагаан,5сар,хонь,1,1,1
2010,Дундговь,Сайнцагаан,5сар,ямаа,2,2,2
2010,Дундговь,Дэлгэрхангай,9сар,тэмээ,1,1,
2010,Дундговь,Өлзийт,11сар,үнэг,2,2,2
2010,Говь-Алтай,Халиун,2сар,ямаа,1,1,
2010,Говь-Алтай,Цогт,3сар,тэмээ,1,1,1
2010,Говь-Алтай,Цогт,6сар,үнэг,1,1,
2010,Говь-Алтай,Баян-Уул,8сар,үхэр,1,1,1
2010,Говь-Алтай,Цогт,9сар,Чоно,1,1,1
2010,Говь-Алтай,Бигэр,9сар,үхэр,1,1,1
2010,Говь-Алтай,Бигэр,10сар,тэмээ,1,1,1
2010,Говь-Алтай,Цогт,11сар,Чоно,1,1,1
2010,Хэнтий,Дэлгэрхаан,3сар,үхэр,1,1,
2010,Хэнтий,Дэлгэрхаан,3сар,Чоно,1,1,
2010,Хэнтий,Дэлгэрхаан,3сар,үнэг,1,1,1
2010,Хэнтий,Дэлгэрхаан,5сар,нохой,1,1,1
2010,Хэнтий,Дэлгэрхаан,5сар,Чоно,1,1,1
2010,Хэнтий,Жаргалтхаан,5сар,үхэр,2,2,2
2010,Хэнтий,Цэнхэрмандал,5сар,Чоно,1,1,1
2010,Хэнтий,Өмнөдэлгэр,5сар,Чоно,1,1,1
2010,Хэнтий,Дархан,7сар,,1,1,1
2010,Хэнтий,Дэлгэрхаан,7сар,адуу,1,1,1
2010,Хөвсгөл,Их-уул,1сар,үхэр,2,3,3
2010,Хөвсгөл,Их-уул,2сар,үнэг,1,1,1
2010,Хөвсгөл,Тосонцэнгэл,2сар,үхэр,1,1,1
2010,Хөвсгөл,Галт,3сар,үнэг,1,1,1
2010,Хөвсгөл,Их-уул,3сар,үнэг,1,1,1
2010,Хөвсгөл,Тосонцэнгэл,3сар,үхэр,1,1,1
2010,Хөвсгөл,Галт,5сар,үнэг,1,1,1
2010,Хөвсгөл,Жаргалант,5сар,үнэг,2,2,2
2010,Хөвсгөл,Их-уул,5сар,үхэр,1,1,1
2010,Өмнөговь,Мандал-Овоо,1сар,тэмээ,1,2,2
2010,Өмнөговь,Мандал-Овоо,2сар,тэмээ,1,2,2
2010,Өмнөговь,Манлай,2сар,тэмээ,1,5,5
2010,Өмнөговь,Манлай,2сар,ямаа,,1,1
2010,Өмнөговь,Мандал-Овоо,3сар,тэмээ,1,4,4
2010,Өмнөговь,Цогт-Овоо,3сар,тэмээ,1,4,4
2010,Өмнөговь,Баяндалай,7сар,нохой,1,1,1
2010,Өмнөговь,Баян-Овоо,8сар,Чоно,1,1,1
2010,Орхон,Баян-Өндөр,1сар,хонь,2,20,12
2010,Орхон,Баян-Өндөр,1сар,ямаа,,4,2
2010,Орхон,Баян-Өндөр,1сар,нохой,,2,
2010,Орхон,Жаргалант,5сар,үнэг,1,1,
2010,Орхон,Баян-Өндөр,8сар,адуу,1,1,1
2010,Өвөрхангай,Тарагт ,2сар,үнэг,1,1,1
2010,Өвөрхангай,Хайрхандулаан,2сар,ямаа,1,2,2
2010,Өвөрхангай,Хужирт,2сар,нохой,1,1,1
2010,Өвөрхангай,Баруунбаян-Улаан,3сар,үхэр,1,1,1
2010,Өвөрхангай,Баянгол,3сар,тэмээ,1,1,1
2010,Өвөрхангай,Баянгол,3сар,үнэг,1,1,1
2010,Өвөрхангай,Баян-Өндөр,3сар,ямаа,1,1,1
2010,Өвөрхангай,Уянга,3сар,нохой,1,1,1
2010,Өвөрхангай,Хайрхандулаан,3сар,үхэр,1,1,1
2010,Өвөрхангай,Хужирт,3сар,нохой,1,1,1
2010,Өвөрхангай,Хужирт,3сар,нохой,1,1,1
2010,Өвөрхангай, Уянга,5сар,,1,1,1
2010,Өвөрхангай,Уянга,5сар,Чоно,1,1,1
2010,Өвөрхангай,Хужирт,5сар,нохой,1,1,1
2010,Сэлэнгэ,Орхонтуул,3сар,үхэр,1,1,1
2010,Сэлэнгэ,Сайхан,7сар,үхэр,1,1,1
2010,Сэлэнгэ,Орхон,11сар,үхэр,1,1,1
2010,Төв,Баянхангай,1сар,үхэр,1,1,1
2010,Төв,Баяндэлгэр,3сар,Чоно,1,1,1
2010,Төв,Заамар,3сар,үхэр,1,3,3
2010,Төв,Өндөрширээт,3сар,хонь,1,1,1
2010,Төв,Баянхангай,3сар,хонь,1,4,4
2010,Төв,Баяндэлгэр,5сар,адуу,1,1,1
2010,Төв,Угтаал,5сар,нохой,1,1,1
2010,Увс,Зүүнхангай,3сар,үхэр,2,9,9
2010,Увс,Тэс,3сар,үхэр,1,1,1
2010,Завхан,Алдархаан,2сар,Чоно,1,1,
2010,Завхан,Цагаанхайрхан,2сар,нохой,1,1,
2010,Завхан,Цагаанхайрхан,2сар,үнэг,1,1,
2010,Завхан,Сантмаргац,3сар,Чоно,1,1,
2010,Завхан,Тосонцэнгэл,5сар,үхэр,1,1,1
2010,Завхан,Тосонцэнгэл,5сар,Чоно,1,1,1
2011,Архангай,Жаргалант,5сар,үхэр,1,1,1
2011,Архангай,Цэнхэр,6сар,адуу,1,1,1
2011,Архангай,Цэнхэр,6сар,үхэр,1,1,1
2011,Баянхонгор,Баянлэг,2сар,тэмээ,1,1,1
2011,Баянхонгор,Баянцагаан,4сар,ямаа,1,1,
2011,Баянхонгор,Баацагаан,4сар,тэмээ,1,1,
2011,Булган,Хишиг-Өндөр,2сар,адуу,1,1,
2011,Булган,Хишиг-Өндөр,2сар,үхэр,1,1,
2011,Булган,Сэлэнгэ,3сар,,1,1,
2011,Булган,Сэлэнгэ,3сар,Чоно,1,1,
2011,Булган,Тэшиг,4сар,үхэр,1,1,1
2011,Булган,Хутаг-Өндөр,4сар,үхэр,1,4,1
2011,Булган,Сэлэнгэ,5сар,нохой,1,1,
2011,Булган,Гурванбулаг,6сар,нохой,1,1,
2011,Булган,Орхон,6сар,үхэр,1,1,1
2011,Дорноговь,Сайхандулаан,3сар,үхэр,1,1,1
2011,Дорноговь,Хөвсгөл,3сар,тэмээ,1,1,1
2011,Дорноговь,Хөвсгөл,3сар,ямаа,1,1,1
2011,Дорноговь,Сайншанд,3сар,үхэр,1,2,2
2011,Дорноговь,Улаанбадрах,6сар,тэмээ,3,3,3
2011,Дундговь,Дэлгэрхангай,3сар,тэмээ,1,1,1
2011,Дундговь,Өлзийт,11сар,тэмээ,1,1,
2011,Говь-Алтай,Баян-Уул,3сар,үхэр,1,1,
2011,Говь-Алтай,Төгрөг,4сар,нохой,1,1,
2011,Говь-Алтай,Шарга,4сар,ямаа,1,3,1
2011,Говь-Алтай,Бугат,11сар,Чоно,1,1,
2011,Говь-Алтай,Тонхил,11сар,үхэр,1,1,1
2011,Хэнтий,Жаргалтхаан,1сар,үхэр,1,1,1
2011,Хэнтий,Мөрөн,3сар,нохой,1,2,
2011,Хэнтий,Хэрлэн,3сар,нохой,1,1,
2011,Ховд,Буянт,5сар,нохой,1,1,
2011,Ховд,Үенч,5сар,адуу,1,1,
2011,Ховд,Мөнххайрхан,5сар,Чоно,1,1,
2011,Хөвсгөл,Тосонцэнгэл,2сар,үхэр,3,4,
2011,Хөвсгөл,Тосонцэнгэл,3сар,үхэр,3,5,2
2011,Хөвсгөл,Алаг-Эрдэнэ,4сар,Чоно,1,1,
2011,Хөвсгөл,Их-уул,4сар,үнэг,1,1,
2011,Хөвсгөл,Түнэл,4сар,,1,1,
2011,Хөвсгөл,Шинэ-Идэр,4сар,үнэг,1,1,
2011,Хөвсгөл,Цагаан-Уул,4сар,үнэг,1,1,1
2011,Хөвсгөл,Цагаан-Уул,5сар,тэмээ,1,1,1
2011,Хөвсгөл,Бүрэнтогтох,6сар,нохой,1,1,1
2011,Хөвсгөл,Шинэ-Идэр,6сар,үнэг,1,1,1
2011,Хөвсгөл,Цагаан-Уул,6сар,тэмээ,1,1,1
2011,Өмнөговь,Ханбогд,10сар,нохой,1,1,
2011,Өвөрхангай,Баруунбаян-Улаан,3сар,тэмээ,1,1,1
2011,Өвөрхангай,Баруунбаян-Улаан,3сар,үнэг,1,1,1
2011,Өвөрхангай,Богд,3сар,Чоно,1,1,1
2011,Өвөрхангай,Хайрхандулаан,3сар,адуу,1,1,1
2011,Өвөрхангай,Хайрхандулаан,3сар,Чоно,1,1,1
2011,Өвөрхангай,Уянга,4сар,Чоно,1,1,1
2011,Өвөрхангай,Богд,6сар,нохой,1,1,1
2011,Сэлэнгэ,Сант,3сар,Чоно,1,1,
2011,Улаанбаатар,Сонгинохайрхан,2сар,адуу,1,1,1
2011,Улаанбаатар,Хан-уул,5сар,үхэр,1,1,1
2011,Увс,Зүүнговь,1сар,тэмээ,1,1,1
2011,Увс,Тэс,3сар,үхэр,1,1,1
2011,Завхан,Цэцэн-Уул,1сар,нохой,1,1,
2011,Завхан,Цэцэн-Уул,1сар,Чоно,1,1,
2011,Завхан,Алдархаан,3сар,үхэр,1,1,
2011,Завхан,Цагаанхайрхан,3сар,үнэг,1,2,
2011,Завхан,Цагаанхайрхан,3сар,үнэг,1,1,
2011,Завхан,Цэцэн-Уул,3сар,үнэг,1,1,
2011,Завхан,Баянхайрхан,4сар,үнэг,1,1,
2011,Завхан,Цагаанхайрхан,4сар,үнэг,1,1,
2011,Завхан,Алдархаан,5сар,Чоно,1,1,
2011,Завхан,Тосонцэнгэл,5сар,хонь,1,1,1
2012,Баян-Өлгий,Дэлүүн,10сар,адуу,1,1,1
2012,Баян-Өлгий,Дэлүүн,10сар,үхэр,1,1,1
2012,Баянхонгор,Баян-Овоо,6сар,нохой,1,1,
2012,Булган,Бүрэгхангай,4сар,үхэр,1,1,1
2012,Булган,Хишиг-Өндөр,4сар,Чоно,1,1,
2012,Булган,Баяннуур,6сар,үхэр,1,4,3
2012,Дорноговь,Даланжаргалан,3сар,үхэр,1,2,
2012,Дорноговь,Алтанширээ,7сар,үхэр,1,1,
2012,Дундговь,Өлзийт,3сар,үнэг,1,1,1
2012,Говь-Алтай,Хөхморьт,1сар,үхэр,1,1,
2012,Говь-Алтай,Шарга,1сар,тэмээ,1,1,1
2012,Говь-Алтай,Бугат,2сар,тэмээ,1,1,1
2012,Говь-Алтай,Бугат,2сар,адуу,1,1,
2012,Говь-Алтай,Жаргалант,2сар,үхэр,1,1,
2012,Говь-Алтай,Тонхил,2сар,Чоно,1,1,
2012,Говь-Алтай,Тонхил,2сар,Чоно,1,1,
2012,Говь-Алтай,Төгрөг,2сар,ямаа,1,1,1
2012,Говь-Алтай,Хөхморьт,2сар,ямаа,1,1,1
2012,Говь-Алтай,Цээл,2сар,нохой,1,1,
2012,Говь-Алтай,Бугат,3сар,нохой,1,1,
2012,Говь-Алтай,Жаргалант,3сар,хонь,1,1,1
2012,Говь-Алтай,Тонхил,3сар,адуу,1,1,
2012,Говь-Алтай,Тонхил,3сар,Чоно,2,2,2
2012,Говь-Алтай,Хөхморьт,3сар,тэмээ,1,1,1
2012,Говь-Алтай,Шарга,4сар,тэмээ,1,1,
2012,Говь-Алтай,Есөнбулаг,6сар,нохой,1,1,
2012,Говь-Алтай,Баян-Уул,9сар,мануул,1,1,1
2012,Говь-Алтай,Бугат,11сар,Чоно,1,1,
2012,Говь-Алтай,Дарви,11сар,нохой,1,1,
2012,Говь-Алтай,Тонхил,11сар,нохой,1,1,
2012,Говь-Алтай,Шарга,11сар,үхэр,1,1,1
2012,Говь-Алтай,Шарга,11сар,үнэг,1,1,
2012,Хэнтий,Жаргалтхаан,1сар,үхэр,1,2,2
2012,Хэнтий,Жаргалтхаан,1сар,нохой,,1,
2012,Хэнтий,Жаргалтхаан,1сар,үнэг,,2,2
2012,Хэнтий,Жаргалтхаан,2сар,үнэг,2,2,2
2012,Хэнтий,Батноров,4сар,үхэр,1,1,1
2012,Хэнтий,Батноров,4сар,үнэг,2,2,
2012,Хэнтий,Батноров,5сар,үхэр,1,1,
2012,Хэнтий,Батноров,5сар,ямаа,1,1,
2012,Хэнтий,Батноров,5сар,үнэг,1,1,1
2012,Хэнтий,Батноров,8сар,үнэг,1,1,1
2012,Хэнтий,Батноров,8сар,үнэг,1,1,1
2012,Хэнтий,Батноров,9сар,үнэг,1,1,1
2012,Хэнтий,Галшар,9сар,үхэр,1,2,
2012,Хэнтий,Галшар,10сар,үнэг,1,1,1
2012,Хэнтий,Батноров,11сар,үнэг,3,3,3
2012,Хэнтий,Галшар,11сар,үхэр,1,1,1
2012,Ховд,Чандмань,1сар,үхэр,5,5,5
2012,Ховд,Чандмань,1сар,ямаа,1,1,1
2012,Ховд,Алтай,2сар,тэмээ,2,2,1
2012,Ховд,Алтай,2сар,үхэр,1,1,1
2012,Ховд,Алтай,2сар,хонь,1,1,1
2012,Ховд,Үенч,2сар,адуу,1,3,
2012,Ховд,Үенч,2сар,Чоно,1,1,1
2012,Ховд,Чандмань,2сар,үхэр,1,1,1
2012,Ховд,Алтай,4сар,үхэр,1,2,
2012,Ховд,Зэрэг,4сар,тэмээ,1,1,1
2012,Ховд,Мянгад,4сар,үхэр,3,3,3
2012,Ховд,Мянгад,4сар,үхэр,1,1,1
2012,Ховд,Үенч,4сар,тэмээ,1,1,1
2012,Ховд,Мянгад,7сар,адуу,1,1,1
2012,Ховд,Ховд,7сар,сарлаг,1,1,1
2012,Хөвсгөл,Мөрөн,4сар,дорго,1,1,1
2012,Хөвсгөл,Мөрөн,5сар,дорго,1,1,1
2012,Өмнөговь,Булган,3сар,тэмээ,1,2,2
2012,Өмнөговь,Ханбогд,3сар,тэмээ,2,2,2
2012,Өмнөговь,Ханбогд,3сар,ямаа,1,2,2
2012,Өмнөговь,Ханбогд,3сар,үнэг,1,1,1
2012,Өмнөговь,Цогтцэций,3сар,Чоно,1,1,
2012,Өмнөговь,Ханхонгор,4сар,хонь,1,1,1
2012,Өмнөговь,Даланзадгад,12сар,үнэг,1,1,1
2012,Өмнөговь,Ханхонгор,12сар,Чоно,1,1,
2012,Өмнөговь,Цогтцэций,12сар,үхэр,1,1,1
2012,Өвөрхангай,Богд,4сар,ямаа,1,1,1
2012,Сэлэнгэ,Сант,11сар,Чоно,1,1,
2012,Сүхбаатар,Баруун-Урт,9сар,үхэр,1,1,1
2012,Төв,Заамар,3сар,үхэр,1,1,1
2012,Увс,Өндөрхангай,2сар,Чоно,1,1,1
2012,Увс,Улаангом,2сар,үхэр,1,1,1
2012,Увс,Зүүнхангай,3сар,хонь,1,14,
2012,Увс,Зүүнхангай,3сар,ямаа,,2,
2012,Увс,Зүүнхангай,3сар,Чоно,,1,1
2012,Увс,Наранбулаг,3сар,хонь,1,6,2
2012,Увс,Наранбулаг,3сар,ямаа,,6,1
2012,Увс,Наранбулаг,3сар,үнэг,,3,3
2012,Увс,Өндөрхангай,3сар,үхэр,1,3,3
2012,Увс,Сагил,8сар,үнэг,1,1,1
2012,Увс,Улаангом,8сар,нохой,1,1,
2012,Увс,Зүүнговь,9сар,үнэг,1,1,1
2012,Завхан,Завханмандал,2сар,үхэр,1,1,
2012,Завхан,Цагаанхайрхан,2сар,үнэг,1,1,
2012,Завхан,Цагаанхайрхан,4сар,үхэр,1,1,
2012,Завхан,Цагаанхайрхан,4сар,ямаа,1,2,
2012,Завхан,Цагаанхайрхан,4сар,Чоно,1,1,
2012,Завхан,Дөрвөлжин,9сар,үнэг,1,1,
2013,Говь-Алтай,Шарга,1сар,тэмээ,1,1,1
2013,Говь-Алтай,Шарга,1сар,нохой,1,1,1
2013,Говь-Алтай,Шарга,1сар,тэмээ,1,1,1
2013,Говь-Алтай,Шарга,1сар,ямаа,1,1,1
2013,Говь-Алтай,Жаргалант,1сар,үхэр,1,1,1
2013,Говь-Алтай,Халиун,1сар,үхэр,1,1,1
2013,Говь-Алтай,Халиун,1сар,үхэр,1,1,1
2013,Говь-Алтай,Цээл,1сар,чоно,1,1,1
2013,Говь-Алтай,Цээл,1сар,чоно,1,1,1
2013,Говь-Алтай,Баян-Уул,1сар,үхэр,1,1,1
2013,Говь-Алтай,Баян-Уул,1сар,тэмээ,1,1,1
2013,Говь-Алтай,Баян-Уул,1сар,ямаа,1,1,1
2013,Говь-Алтай,Дэлгэр,1сар,ямаа,1,1,1
2013,Говь-Алтай,Цогт,1сар,Чоно,1,1,1
2013,Говь-Алтай,Тайшир,1сар,нохой,1,1,1
2013,Хэнтий,Галшар,1сар,үнэг,1,1,1
2013,Хэнтий,Галшар,1сар,үхэр,1,1,1
2013,Хэнтий,Батноров,1сар,үнэг,1,1,1
2013,Хэнтий,Батноров,1сар,нохой,1,1,1
2013,Хэнтий,Бор-Өндөр,1сар,нохой,1,1,1
2013,Хэнтий,Бор-Өндөр,1сар,үхэр,1,1,1
2013,Сүхбаатар,Халзан,1сар,үхэр,1,3,
2013,Сүхбаатар,Баруун-Урт,1сар,нохой,1,1,
2013,Завхан,Алдархаан,1сар,тэмээ,1,1,
2013,Завхан,Алдархаан,1сар,үхэр,3,4,
2013,Завхан,Завханмандал,1сар,ямаа,1,1,
2013,Завхан,Отгон,1сар,үхэр,1,1,
2013,Завхан,Цагаанхайрхан,1сар,үнэг,1,1,
2013,Завхан,Улиастай,1сар,үнэг,1,1,
2013,Баянхонгор,Баянцагаан,2сар,тэмээ,1,4,1
2013,Баянхонгор,Жинст,2сар,үхэр,1,1,1
2013,Баянхонгор,Эрдэнэцогт,2сар,Чоно,1,1,
2013,Дорноговь,Хөвсгөл,2сар,тэмээ,1,1,1
2013,Говь-Алтай,Алтай,2сар,нохой,1,1,
2013,Говь-Алтай,Алтай,2сар,үнэг,1,1,
2013,Говь-Алтай,Баян-Уул,2сар,үхэр,1,1,1
2013,Говь-Алтай,Баян-Уул,2сар,ямаа,1,1,
2013,Говь-Алтай,Баян-Уул,2сар,үнэг,1,2,
2013,Говь-Алтай,Дарви,2сар,нохой,1,1,
2013,Говь-Алтай,Халиун,2сар,үхэр,1,1,1
2013,Говь-Алтай,Цээл,2сар,Чоно,2,2,
2013,Хэнтий,Батноров,2сар,үнэг,1,1,1
2013,Хэнтий,Галшар,2сар,үнэг,1,1,1
2013,Ховд,Буянт,2сар,үхэр,1,2,2
2013,Ховд,Дарви,2сар,тэмээ,4,4,4
2013,Ховд,Зэрэг,2сар,тэмээ,1,1,1
2013,Ховд,Зэрэг,2сар,үхэр,2,4,4
2013,Ховд,Ховд,2сар,үхэр,1,1,1
2013,Хөвсгөл,Мөрөн,2сар,нохой,1,1,1
2013,Хөвсгөл,Мөрөн,2сар,Чоно,1,1,1
2013,Өмнөговь,Ханхонгор,2сар,үнэг,1,1,
2013,Сүхбаатар,Баяндэлгэр,2сар,үхэр,1,2,2
2013,Сүхбаатар,Түвшинширээ,2сар,үхэр,1,3,2
2013,Сүхбаатар,Баруун-Урт,2сар,үхэр,1,1,1
2013,Увс,Зүүнговь,2сар,нохой,1,1,1
2013,Увс,Наранбулаг,2сар,Чоно,1,1,
2013,Увс,Өмнөговь,2сар,Чоно,1,1,
2013,Увс,Өндөрхангай,2сар,үхэр,1,3,3
2013,Баян-Өлгий,Буянт,3сар,үхэр,1,1,1
2013,Баян-Өлгий,Ногооннуур,3сар,ямаа,1,12,12
2013,Баянхонгор,Баянцагаан,3сар,тэмээ,1,4,1
2013,Баянхонгор,Жинст,3сар,үхэр,1,1,1
2013,Баянхонгор,Эрдэнэцогт,3сар,Чоно,1,1,
2013,Булган,Дашинчилэн,3сар,үхэр,1,9,9
2013,Дорнод,Булган,3сар,үхэр,1,1,1
2013,Дундговь,Өлзийт,3сар,үхэр,2,2,1
2013,Говь-Алтай,Баян-Уул,3сар,тэмээ,2,2,2
2013,Говь-Алтай,Баян-Уул,3сар,үхэр,1,1,1
2013,Говь-Алтай,Баян-Уул,3сар,хонь,1,1,1
2013,Говь-Алтай,Баян-Уул,3сар,ямаа,1,1,1
2013,Говь-Алтай,Баян-Уул,3сар,нохой,1,1,1
2013,Говь-Алтай,Баян-Уул,3сар,Чоно,1,1,1
2013,Говь-Алтай,Дарви,3сар,Чоно,1,1,
2013,Говь-Алтай,Жаргалант,3сар,үхэр,1,1,1
2013,Говь-Алтай,Цогт,3сар,нохой,1,1,
2013,Говь-Алтай,Цээл,3сар,Чоно,1,1,
2013,Говь-Алтай,Шарга,3сар,тэмээ,1,1,
2013,Говь-Алтай,Бигэр,3сар,үнэг,1,1,1
2013,Хэнтий,Батноров,3сар,үхэр,1,1,
2013,Хэнтий,Өмнөдэлгэр,3сар,үхэр,1,1,
2013,Ховд,Дарви,3сар,тэмээ,1,1,1
2013,Ховд,Дарви,3сар,үнэг,1,1,1
2013,Ховд,Зэрэг,3сар,үхэр,1,1,1
2013,Ховд,Манхан,3сар,тэмээ,2,2,2
2013,Ховд,Дөргөн,3сар,ямаа,1,1,1
2013,Ховд,Ховд,3сар,үхэр,1,1,1
2013,Хөвсгөл,Галт,3сар,үхэр,1,1,1
2013,Хөвсгөл,Түнэл,3сар,ямаа,1,1,1
2013,Өмнөговь,Ханбогд,3сар,Чоно,1,1,1
2013,Өмнөговь,Ханхонгор,3сар,үнэг,1,2,2
2013,Өвөрхангай,Төгрөг,3сар,тэмээ,1,1,1
2013,Өвөрхангай,Төгрөг,3сар,үнэг,1,1,1
2013,Өвөрхангай,Баруунбаян-Улаан,3сар,тэмээ,1,2,2
2013,Өвөрхангай,Хужирт,3сар,үхэр,1,1,1
2013,Өвөрхангай,Хужирт,3сар,үнэг,1,1,1
2013,Сүхбаатар,Асгат,3сар,үхэр,1,1,1
2013,Сүхбаатар,Асгат,3сар,үнэг,1,1,1
2013,Сүхбаатар,Баяндэлгэр,3сар,үхэр,1,13,13
2013,Сүхбаатар,Баяндэлгэр,3сар,ямаа,,2,2
2013,Сүхбаатар,Дарьганга,3сар,үхэр,1,3,
2013,Сүхбаатар,Наран ,3сар,үхэр,1,1,
2013,Сүхбаатар,Түвшинширээ,3сар,үхэр,1,7,7
2013,Сүхбаатар,Уулбаян,3сар,үхэр,5,6,6
2013,Сүхбаатар,Халзан,3сар,үхэр,2,6,
2013,Сүхбаатар,Баруун-Урт,3сар,адуу,,4,
2013,Сүхбаатар,Баруун-Урт,3сар,үхэр,2,2,2
2013,Сүхбаатар,Баруун-Урт,3сар,хонь,,8,
2013,Сүхбаатар,Баруун-Урт,3сар,хонь,1,1,1
2013,Сүхбаатар,Баруун-Урт,3сар,ямаа,,13,
2013,Сүхбаатар,Баруун-Урт,3сар,нохой,2,2,1
2013,Сүхбаатар,Баруун-Урт,3сар,Чоно,1,1,
2013,Төв,Бүрэн ,3сар,ямаа,1,1,
2013,Төв,Бүрэн ,3сар,үнэг,1,1,
2013,Завхан,Идэр,3сар,нохой,1,1,
2013,Завхан,Сонгино ,3сар,нохой,1,1,
2013,Завхан,Ургамал,3сар,тэмээ,1,2,
2013,Завхан,Цагаанхайрхан,3сар,үнэг,1,1,
2013,Завхан,Улиастай,3сар,нохой,1,1,
2013,Баянхонгор,Баянговь,4сар,үнэг,1,2,2
2013,Баянхонгор,Баянцагаан,4сар,нохой,1,1,
2013,Баянхонгор,Бөмбөгөр,4сар,ямаа,1,2,2
2013,Баянхонгор,Бөмбөгөр,4сар,үнэг,2,8,8
2013,Булган,Гурванбулаг,4сар,нохой,1,1,
2013,Булган,Дашинчилэн,4сар,үнэг,1,1,1
2013,Дундговь,Луус,4сар,үхэр,1,1,1
2013,Говь-Алтай,Баян-Уул,4сар,үхэр,1,1,
2013,Говь-Алтай,Баян-Уул,4сар,ямаа,1,1,
2013,Говь-Алтай,Баян-Уул,4сар,нохой,1,1,
2013,Говь-Алтай,Тайшир,4сар,тэмээ,2,2,
2013,Говь-Алтай,Төгрөг,4сар,нохой,1,1,
2013,Говь-Алтай,Төгрөг,4сар,тэмээ,1,1,
2013,Говь-Алтай,Цогт,4сар,үнэг,1,1,
2013,Говь-Алтай,Цээл,4сар,Чоно,1,1,1
2013,Говь-Алтай,Шарга,4сар,тэмээ,2,2,
2013,Говь-Алтай,Шарга,4сар,муур,1,1,
2013,Говь-Алтай,Эрдэнэ ,4сар,ямаа,1,1,
2013,Говь-Алтай,Эрдэнэ,4сар,нохой,1,1,
2013,Говь-Алтай,Есөнбулаг,4сар,үхэр,1,1,
2013,Говь-Алтай,Бигэр,4сар,үхэр,2,2,
2013,Говь-Алтай,Бигэр,4сар,нохой,1,1,
2013,Ховд,Дарви,4сар,тэмээ,1,1,1
2013,Ховд,Дарви,4сар,үхэр,1,1,1
2013,Ховд,Чандмань,4сар,үхэр,1,1,
2013,Ховд,Чандмань,4сар,ямаа,1,1,1
2013,Хөвсгөл,Галт,4сар,нохой,1,1,
2013,Хөвсгөл,Галт,4сар,Чоно,1,1,
2013,Хөвсгөл,Галт,4сар,үнэг,1,1,
2013,Хөвсгөл,Түнэл,4сар,үхэр,1,9,4
2013,Хөвсгөл,Түнэл,4сар,нохой,1,2,
2013,Хөвсгөл,Түнэл,4сар,үнэг,2,4,
2013,Өмнөговь,Ханбогд,4сар,тэмээ,1,1,1
2013,Өвөрхангай,Уянга,4сар,Чоно,1,1,1
2013,Сүхбаатар,Мөнххаан,4сар,үхэр,2,2,2
2013,Сүхбаатар,Сүхбаатар,4сар,үхэр,1,1,1
2013,Сүхбаатар,Уулбаян,4сар,үхэр,2,2,2
2013,Сүхбаатар,Уулбаян,4сар,ямаа,1,7,7
2013,Сүхбаатар,Халзан,4сар,адуу,1,1,1
2013,Сүхбаатар,Халзан,4сар,үхэр,1,1,1
2013,Сүхбаатар,Эрдэнэцагаан,4сар,адуу,1,1,1
2013,Сүхбаатар,Эрдэнэцагаан,4сар,үхэр,2,3,2
2013,Улаанбаатар,Хан-уул,4сар,ямаа,1,1,1
2013,Увс,Малчин,4сар,Чоно,1,1,
2013,Увс,Наранбулаг,4сар,үхэр,1,1,
2013,Увс,Өмнөговь,4сар,Чоно,1,1,
2013,Завхан,Отгон,4сар,тэмээ,1,1,
2013,Завхан,Тэс,4сар,ямаа,1,1,
2013,Завхан,Тэс,4сар,нохой,1,1,
2013,Завхан,Цагаанхайрхан,4сар,нохой,1,1,
2013,Завхан,Цагаанхайрхан,4сар,нохой,1,1,
2013,Завхан,Эрдэнэхайрхан,4сар,үхэр,1,1,
2013,Завхан,Эрдэнэхайрхан,4сар,үнэг,1,1,
2013,Завхан,Эрдэнэхайрхан,4сар,үнэг,1,1,
2013,Завхан,Улиастай,4сар,нохой,1,1,
2013,Хэнтий,Батноров,4сар,үхэр,3,3,
2013,Хэнтий,Галшар,4сар,адуу,1,1,1
2013,Хэнтий,Галшар,4сар,үнэг,1,1,1
2013,Хэнтий,Өмнөдэлгэр,4сар,үнэг,1,1,1
2013,Архангай,Хотонт,5сар,үхэр,1,1,1
2013,Баян-Өлгий,Баяннуур,5сар,нохой,1,2,
2013,Баян-Өлгий,Буянт,5сар,үхэр,2,2,
2013,Баянхонгор,Баянцагаан,5сар,ямаа,1,1,
2013,Булган,Бугат,5сар,Чоно,1,1,
2013,Дорноговь,Улаанбадрах,5сар,ямаа,1,2,
2013,Говь-Алтай,Дэлгэр,5сар,тэмээ,1,1,
2013,Говь-Алтай,Тайшир,5сар,нохой,1,1,
2013,Говь-Алтай,Халиун,5сар,үхэр,1,1,
2013,Говь-Алтай,Халиун,5сар,нохой,1,1,
2013,Говь-Алтай,Цогт,5сар,нохой,1,1,
2013,Говь-Алтай,Цогт,5сар,Чоно,1,1,
2013,Говь-Алтай,Цээл,5сар,ямаа,1,1,
2013,Говь-Алтай,Шарга,5сар,адуу,1,1,1
2013,Говь-Алтай,Шарга,5сар,хонь,1,1,
2013,Говь-Алтай,Шарга,5сар,хонь,1,1,
2013,Говь-Алтай,Эрдэнэ,5сар,ямаа,2,2,1
2013,Хэнтий,Батноров,5сар,үхэр,1,1,
2013,Хэнтий,Батноров,5сар,нохой,1,1,
2013,Хэнтий,Биндэр,5сар,үхэр,1,1,1
2013,Хэнтий,Галшар,5сар,адуу,,1,1
2013,Хэнтий,Галшар,5сар,үнэг,1,1,1
2013,Хэнтий,Цэнхэрмандал,5сар,Чоно,1,1,
2013,Хэнтий,Өмнөдэлгэр,5сар,үхэр,1,1,
2013,Ховд,Эрдэнэбүрэн,5сар,ямаа,2,3,3
2013,Ховд,Дөргөн,5сар,үхэр,1,1,1
2013,Ховд,Дөргөн,5сар,ямаа,1,1,
2013,Ховд,Ховд,5сар,үхэр,1,1,1
2013,Ховд,Ховд,5сар,ямаа,1,2,2
2013,Хөвсгөл,Цагаан-Уул,5сар,үнэг,1,1,1
2013,Өмнөговь,Ханхонгор,5сар,Чоно,1,1,
2013,Өвөрхангай,Бүрд,5сар,Чоно,1,1,1
2013,Өвөрхангай,Нарийнтээл,5сар,Чоно,1,1,1
2013,Сүхбаатар,Халзан,5сар,үхэр,1,1,
2013,Сүхбаатар,Эрдэнэцагаан,5сар,үхэр,1,1,1
2013,Сүхбаатар,Эрдэнэцагаан,5сар,ямаа,1,1,1
2013,Сүхбаатар,Баруун-Урт,5сар,нохой,1,1,
2013,Увс,Өмнөговь,5сар,нохой,1,1,
2013,Увс,Хяргас,5сар,хонь,1,1,
2013,Завхан,Идэр,5сар,Чоно,1,1,
2013,Завхан,Отгон,5сар,Чоно,1,1,
2013,Завхан,Тэлмэн,5сар,Чоно,1,1,
2013,Завхан,Тэлмэн,5сар,мануул,1,1,
2013,Завхан,Дөрвөлжин,5сар,нохой,1,1,
2013,Баянхонгор,Баянбулаг,6сар,үнэг,2,8,8
2013,Дорноговь,Сайхандулаан,6сар,тэмээ,1,3,3
2013,Дорноговь,Сайхандулаан,6сар,тэмээ,,1,
2013,Ховд,Манхан,6сар,тэмээ,1,2,2
2013,Ховд,Манхан,6сар,үхэр,,1,1
2013,Архангай,Хашаат,6сар,үхэр,1,2,2
2013,Хэнтий,Өмнөдэлгэр,6сар,үхэр,1,1,1
2013,Говь-Алтай,Тайшир,6сар,үнэг,1,1,1
2013,Говь-Алтай,Эрдэнэ,6сар,ямаа,1,1,1
2013,Говь-Алтай,Жаргалант,6сар,үнэг,1,1,
2013,Говь-Алтай,Тонхил,6сар,нохой,1,1,1
2013,Говь-Алтай,Бигэр,6сар,тэмээ,1,1,1
2013,Говь-Алтай,Шарга,6сар,ямаа,1,1,1
2013,Говь-Алтай,Дэлгэр,6сар,ямаа,1,1,1
2013,Өмнөговь,Хүрмэн,6сар,үнэг,1,1,
2013,Сүхбаатар,Баруун-Урт,6сар,үхэр,1,1,1
2013,Өвөрхангай,Есөнзүйл,6сар,үхэр,1,1,1
2013,Өвөрхангай,Богд,6сар,ямаа,1,1,1
2013,Завхан,Баянтэс,6сар,үхэр,1,1,1
2013,Увс,Наранбулаг,6сар,үхэр,1,2,
2013,Увс,Өндөрхангай,6сар,үхэр,1,3,
2013,Увс,Цагаанхайрхан,6сар,хонь,1,3,3
2013,Хөвсгөл,Цагаан-Уул,6сар,хонь,1,10,2
2013,Говь-Алтай,Эрдэнэ,7сар,Чоно,1,1,1
2013,Хэнтий,Батноров,7сар,үхэр,1,1,1
2013,Хэнтий,Дэлгэрхаан,7сар,адуу,1,1,1
2013,Хэнтий,Мөрөн,7сар,үхэр,2,2,2
2013,Хэнтий,Хэрлэн,7сар,үхэр,1,1,1
2013,Хэнтий,Өмнөдэлгэр,7сар,үнэг,1,1,1
2013,Ховд,Эрдэнэбүрэн,7сар,үхэр,1,1,1
2013,Ховд,Эрдэнэбүрэн,7сар,нохой,1,1,1
2013,Хөвсгөл,Шинэ-Идэр,7сар,үнэг,1,1,1
2013,Сүхбаатар,Дарьганга,7сар,адуу,1,1,1
2013,Сүхбаатар,Онгон,7сар,үхэр,1,1,
2013,Говь-Алтай,Шарга,8сар,ямаа,1,1,1
2013,Хэнтий,Мөрөн,8сар,адуу,1,1,1
2013,Хэнтий,Мөрөн,8сар,үхэр,1,1,1
2013,Хөвсгөл,Мөрөн,8сар,үхэр,1,1,
2013,Баян-Өлгий,Алтай,9сар,үхэр,1,1,
2013,Баянхонгор,Бөмбөгөр,9сар,Чоно,1,1,
2013,Дорнод,Баяндун,9сар,Чоно,1,1,
2013,Хэнтий,Хэрлэн,9сар,үхэр,1,1,1
2013,Хэнтий,Цэнхэрмандал,9сар,Чоно,1,1,1
2013,Өмнөговь,Баяндалай,9сар,үнэг,1,1,1
2013,Өвөрхангай,Хайрхандулаан,9сар,үнэг,1,1,1
2013,Улаанбаатар,Сонгинохайрхан,9сар,нохой,1,1,
2013,Увс,Наранбулаг,9сар,үнэг,1,1,
2013,Архангай,Батцэнгэл,10сар,нохой,1,2,2
2013,Баянхонгор,Баянговь,10сар,үнэг,1,1,
2013,Баянхонгор,Баянцагаан,10сар,тэмээ,1,1,1
2013,Баянхонгор,Баацагаан,10сар,үнэг,1,1,
2013,Дундговь,Сайнцагаан,10сар,үхэр,1,1,
2013,Говь-Алтай,Тайшир,10сар,нохой,1,1,
2013,Хөвсгөл,Галт,10сар,үхэр,1,5,4
2013,Хөвсгөл,Цагаан-Уул,10сар,Чоно,2,2,2
2013,Өвөрхангай,Баруунбаян-Улаан,10сар,үхэр,1,1,1
2013,Өвөрхангай,Хайрхандулаан,10сар,үхэр,1,1,1
2013,Дундговь,Өлзийт,11сар,үхэр,1,2,2
2013,Говь-Алтай,Алтай,11сар,Чоно,1,1,1
2013,Говь-Алтай,Баян-Уул,11сар,үхэр,1,1,1
2013,Говь-Алтай,Баян-Уул,11сар,нохой,1,1,
2013,Говь-Алтай,Дарви,11сар,ямаа,1,1,1
2013,Говь-Алтай,Дарви,11сар,Чоно,1,1,
2013,Говь-Алтай,Дэлгэр,11сар,үнэг,1,1,
2013,Говь-Алтай,Халиун,11сар,үхэр,1,1,1
2013,Говь-Алтай,Цогт,11сар,Чоно,1,2,
2013,Говь-Алтай,Эрдэнэ,11сар,ямаа,1,1,1
2013,Хэнтий,Баянхутаг,11сар,үнэг,2,3,
2013,Ховд,Дуут,11сар,үхэр,1,1,1
2013,Ховд,Чандмань,11сар,үхэр,2,3,3
2013,Хөвсгөл,Бүрэнтогтох,11сар,Чоно,1,3,
2013,Хөвсгөл,Галт,11сар,адуу,1,1,1
2013,Хөвсгөл,Галт,11сар,үхэр,1,3,
2013,Хөвсгөл,Шинэ-Идэр,11сар,хонь,1,1,
2013,Өмнөговь,Баяндалай,11сар,үхэр,1,1,
2013,Өмнөговь,Баяндалай,11сар,Чоно,2,2,2
2013,Өмнөговь,Ханхонгор,11сар,үнэг,1,1,
2013,Өвөрхангай,Гучин-Ус,11сар,үхэр,1,2,2
2013,Өвөрхангай,Төгрөг,11сар,үхэр,1,1,1
2013,Сүхбаатар,Баруун-Урт,11сар,үнэг,1,1,1
2013,Хэнтий,Батноров,12сар,үхэр,1,1,
2013,Хэнтий,Мөрөн,12сар,үнэг,1,1,1
2013,Өмнөговь,Ханбогд,12сар,тэмээ,1,1,
2013,Өвөрхангай,Гучин-Ус,12сар,үхэр,1,1,1
2013,Өвөрхангай,Гучин-Ус,12сар,үнэг,1,1,1
2014,Архангай,Батцэнгэл,1сар,үхэр,2, ,2
2014,Архангай,Эрдэнэбулган,4сар,үхэр,1,1,1
2014,Архангай,Эрдэнэбулган,4сар,нохой,1,1,1
2014,Архангай,Хашаат,5сар,үхэр,1,1,1
2014,Архангай,Хашаат,6сар,үхэр,1,1,1
2014,Баян-Өлгий,Алтанцөгц,2сар,үхэр,1,2,
2014,Баян-Өлгий,Өлгий,6сар,үхэр,1,2,
2014,Баянхонгор,Баян-Өндөр,1сар,тэмээ,1,1,1
2014,Баянхонгор,Баян-Өндөр,1сар,мануул,1,1,1
2014,Баянхонгор,Баянцагаан,1сар,тэмээ,1,1,1
2014,Баянхонгор,Баянцагаан,1сар,Чоно,1,1,1
2014,Баянхонгор,Баянцагаан,1сар,үнэг,3,3,3
2014,Баянхонгор,Баян-Овоо,1сар,үхэр,2,5,5
2014,Баянхонгор,Бөмбөгөр,1сар,тэмээ,1,1,1
2014,Баянхонгор,Бууцагаан,1сар,тэмээ,1,1,1
2014,Баянхонгор,Өлзийт,1сар,үхэр,1,2,2
2014,Баянхонгор,Баянговь,2сар,тэмээ,2,2,2
2014,Баянхонгор,Өлзийт,2сар,үхэр,2,2,1
2014,Баянхонгор,Баацагаан,2сар,тэмээ,1,1,1
2014,Баянхонгор,Баацагаан,2сар,үхэр,1,1,1
2014,Баянхонгор,Баацагаан,2сар,ямаа,1,1,1
2014,Баянхонгор,Баянговь,3сар,нохой,1,1,
2014,Баянхонгор,Баянлэг,3сар,тэмээ,9,9,5
2014,Баянхонгор,Баянлэг,3сар,тэмээ,5,5,4
2014,Баянхонгор,Баянлэг,3сар,үхэр,1,1,
2014,Баянхонгор,Баянлэг,3сар,нохой,2,2,2
2014,Баянхонгор,Баянлэг,3сар,үнэг,3,3,3
2014,Баянхонгор,Баян-Өндөр,3сар,нохой,1,1,1
2014,Баянхонгор,Баян-Өндөр,3сар,мануул,1,1,1
2014,Баянхонгор,Баацагаан,3сар,тэмээ,1,1,1
2014,Баянхонгор,Баацагаан,3сар,үнэг,3,4,4
2014,Баянхонгор,Жинст,3сар,үхэр,1,1,1
2014,Баянхонгор,Баацагаан,3сар,тэмээ,1,1,1
2014,Баянхонгор,Баацагаан,3сар,үхэр,1,3,3
2014,Баянхонгор,Баянлэг,4сар,тэмээ,2,2,
2014,Баянхонгор,Баянлэг,4сар,нохой,1,1,
2014,Баянхонгор,Баян-Овоо,4сар,үхэр,1,1,
2014,Баянхонгор,Бөмбөгөр,4сар,нохой,1,2,
2014,Баянхонгор,Бөмбөгөр,4сар,үнэг,1,1,
2014,Баянхонгор,Жаргалант,4сар,нохой,1,1,
2014,Баянхонгор,Баянлэг,5сар,тэмээ,1,1,
2014,Баянхонгор,Баянлэг,5сар,нохой,2,4,
2014,Баянхонгор,Баянлэг,5сар,үнэг,1,1,1
2014,Баянхонгор,Өлзийт,5сар,үхэр,1,1,
2014,Баянхонгор,Шинэжинст,5сар,тэмээ,1,1,
2014,Баянхонгор,Эрдэнэцогт,5сар,нохой,1,1,
2014,Баянхонгор,Бууцагаан,6сар,үхэр,1,1,1
2014,Булган,Гурванбулаг,2сар,үхэр,1,1,
2014,Булган,Булган,2сар,ямаа,1,1,
2014,Булган,Гурванбулаг,3сар,үхэр,2,7,
2014,Булган,Дашинчилэн,3сар,үхэр,1,2,
2014,Булган,Дашинчилэн,3сар,үнэг,1,1,1
2014,Булган,Сэлэнгэ,3сар,үхэр,1,1,
2014,Булган,Баяннуур,3сар,үхэр,1,2,2
2014,Булган,Булган,3сар,ямаа,1,1,1
2014,Булган,Гурванбулаг,4сар,үхэр,1,2,1
2014,Булган,Гурванбулаг,4сар,нохой,1,1,1
2014,Булган,Дашинчилэн,4сар,ямаа,1,4,4
2014,Булган,Дашинчилэн,4сар,нохой,1,3,
2014,Булган,Дашинчилэн,4сар,хонь,,6,6
2014,Булган,Дашинчилэн,4сар,ямаа,,2,
2014,Булган,Гурванбулаг,5сар,үхэр,1,1,1
2014,Булган,Гурванбулаг,5сар,үхэр,1,1,1
2014,Булган,Гурванбулаг,6сар,үхэр,2,2,2
2014,Дорнод,Баяндун,3сар,үхэр,2,3,
2014,Дорнод,Баяндун,3сар,үнэг,1,1,1
2014,Дорнод,Дашбалбар,3сар,үхэр,2,2,
2014,Дорнод,Дашбалбар,3сар,үнэг,1,1,
2014,Дорнод,Дашбалбар,3сар,үнэг,3,30,4
2014,Дорнод,Баян-Уул,4сар,үхэр,1,5,
2014,Дорнод,Баян-Уул,6сар,үхэр,1,2,2
2014,Дорноговь,Сайншанд,1сар,үнэг,1,1,
2014,Дорноговь,Алтанширээ,2сар,нохой,1,1,
2014,Дорноговь,Дэлгэрэх,2сар,үнэг,1,1,
2014,Дорноговь,Мандах,2сар,үхэр,1,2,2
2014,Дорноговь,Мандах,2сар,ямаа,1,1,1
2014,Дорноговь,Өргөн,2сар,үхэр,1,7,7
2014,Дорноговь,Сайхандулаан,2сар,тэмээ,1,1,1
2014,Дорноговь,Сайншанд,2сар,үхэр,1,9,9
2014,Дорноговь,Сайншанд,2сар,үнэг,1,1,1
2014,Дорноговь,Даланжаргалан,3сар,үхэр,2,2,2
2014,Дорноговь,Даланжаргалан,3сар,үнэг,1,1,
2014,Дорноговь,Иххэт,3сар,хонь,1,1,1
2014,Дорноговь,Мандах,3сар,үхэр,1,1,1
2014,Дорноговь,Мандах,3сар,Чоно,1,1,1
2014,Дорноговь,Улаанбадрах,3сар,үхэр,1,1,1
2014,Дорноговь,Сайншанд,3сар,тэмээ,1,1,1
2014,Дорноговь,Алтанширээ,4сар,үхэр,1,1,1
2014,Дорноговь,Улаанбадрах,4сар,нохой,1,1,
2014,Дорноговь,Эрдэнэ,4сар,хонь,1,13,10
2014,Дорноговь,Эрдэнэ,4сар,ямаа,,7,3
2014,Дорноговь,Алтанширээ,5сар,үхэр,1,3,
2014,Дорноговь,Сайхандулаан,5сар,хонь,1,1,1
2014,Дорноговь,Сайншанд,5сар,тэмээ,1,1,1
2014,Дундговь,Эрдэнэдалай,1сар,үхэр,1,1,1
2014,Дундговь,Дэлгэрхангай,1сар,үхэр,2,5,3
2014,Дундговь,Адаацаг,3сар,үхэр,1,1,1
2014,Дундговь,Баянжаргалан,3сар,үнэг,1,1,
2014,Дундговь,Гурвансайхан,3сар,ямаа,1,3,3
2014,Дундговь,Эрдэнэдалай,3сар,тэмээ,1,1,1
2014,Дундговь,Дэрэн,3сар,үхэр,1,1,1
2014,Дундговь,Өлзийт,3сар,тэмээ,3,4,4
2014,Дундговь,Сайнцагаан,3сар,муур,1,1,1
2014,Дундговь,Сайнцагаан,3сар,үхэр,1,1,1
2014,Дундговь,Сайхан-Овоо,3сар,үнэг,9,9,9
2014,Дундговь,Хулд,3сар,үхэр,1,2,
2014,Дундговь,Баянжаргалан,4сар,хонь,1,2,
2014,Дундговь,Дэлгэрхангай,4сар,хонь,1,1,1
2014,Дундговь,Дэлгэрхангай,4сар,ямаа,3,4,4
2014,Дундговь,Сайнцагаан,4сар,үхэр,1,1,
2014,Дундговь,Сайхан-Овоо,4сар,үхэр,1,1,
2014,Дундговь,Сайхан-Овоо,4сар,нохой,1,1,
2014,Дундговь,Сайхан-Овоо,4сар,үнэг,5,5,
2014,Дундговь,Баянжаргалан,5сар,хонь,3,10,
2014,Дундговь,Баянжаргалан,5сар,нохой,1,2,
2014,Дундговь,Өлзийт,5сар,хонь,1,2,
2014,Дундговь,Сайнцагаан,5сар,хонь,1,1,
2014,Дундговь,Баянжаргалан,6сар,хонь,3,10,10
2014,Дундговь,Баянжаргалан,6сар,нохой,1,2,2
2014,Дундговь,Баянжаргалан,6сар,үнэг,1,1,1
2014,Дундговь,Өлзийт,6сар,хонь,1,1,1
2014,Дундговь,Сайнцагаан,6сар,үхэр,1,1,1
2014,Дундговь,Сайнцагаан,6сар,хонь,1,1,1
2014,Говь-Алтай,Баян-Уул,1сар,үхэр,1,1,1
2014,Говь-Алтай,Баян-Уул,1сар,ямаа,1,1,
2014,Говь-Алтай,Дэлгэр,1сар,үхэр,1,1,
2014,Говь-Алтай,Бигэр,1сар,үхэр,3,3,3
2014,Говь-Алтай,Бигэр,1сар,нохой,1,1,
2014,Говь-Алтай,Дэлгэр,2сар,тэмээ,1,1,1
2014,Говь-Алтай,Дэлгэр,2сар,ямаа,1,1,
2014,Говь-Алтай,Халиун,2сар,Чоно,1,1,
2014,Говь-Алтай,Цээл,2сар,Чоно,1,1,
2014,Говь-Алтай,Алтай,3сар,нохой,1,1,
2014,Говь-Алтай,Жаргалант,3сар,үхэр,2,2,1
2014,Говь-Алтай,Цээл,3сар,үхэр,1,1,
2014,Говь-Алтай,Цээл,3сар,үхэр,1,1,
2014,Говь-Алтай,Цээл,3сар,нохой,2,2,1
2014,Говь-Алтай,Баян-Уул,4сар,тэмээ,1,1,
2014,Говь-Алтай,Дэлгэр,4сар,тэмээ,1,1,1
2014,Говь-Алтай,Дэлгэр,4сар,үхэр,5,5,1
2014,Говь-Алтай,Төгрөг,4сар,нохой,1,1,1
2014,Говь-Алтай,Төгрөг,4сар,үнэг,1,1,
2014,Говь-Алтай,Шарга,4сар,үнэг,1,1,1
2014,Говь-Алтай,Эрдэнэ,4сар,тэмээ,1,1,1
2014,Говь-Алтай,Дэлгэр,5сар,үхэр,2,2,1
2014,Говь-Алтай,Бигэр,5сар,Чоно,1,1,
2014,Говь-Алтай,Дэлгэр,6сар,үхэр,1,1,1
2014,Говьсүмбэр,Сүмбэр,6сар,тэмээ,1,1,1
2014,Говьсүмбэр,Сүмбэр,6сар,үхэр,1,1,1
2014,Говьсүмбэр,Сүмбэр,6сар,ямаа,1,1,1
2014,Говьсүмбэр,Шивээговь,6сар,ямаа,1,1,1
2014,Хэнтий,Батноров,1сар,үхэр,2,2,1
2014,Хэнтий,Мөрөн,1сар,үхэр,1,6,2
2014,Хэнтий,Мөрөн,1сар,нохой,1,1,1
2014,Хэнтий,Мөрөн,1сар,үнэг,1,1,
2014,Хэнтий,Өмнөдэлгэр,1сар,үнэг,1,1,
2014,Хэнтий,Баян-Адарга,2сар,үхэр,1,1,1
2014,Хэнтий,Баянхутаг,2сар,үхэр,1,1,1
2014,Хэнтий,Жаргалтхаан,2сар,нохой,1,1,
2014,Хэнтий,Мөрөн,2сар,тэмээ,1,1,
2014,Хэнтий,Мөрөн,2сар,үхэр,1,1,1
2014,Хэнтий,Мөрөн,2сар,үнэг,1,1,1
2014,Хэнтий,Норовлин,2сар,нохой,1,1,
2014,Хэнтий,Дархан,2сар,нохой,1,1,
2014,Хэнтий,Дадал,3сар,үхэр,1,1,
2014,Хэнтий,Дэлгэрхаан,3сар,үхэр,1,1,1
2014,Хэнтий,Дэлгэрхаан,3сар,үнэг,1,1,1
2014,Хэнтий,Мөрөн,3сар,үхэр,1,1,1
2014,Хэнтий,Норовлин,3сар,үнэг,1,1,1
2014,Хэнтий,Норовлин,3сар,үнэг,1,1,1
2014,Хэнтий,Хэрлэн,3сар,үхэр,1,1,1
2014,Хэнтий,Өмнөдэлгэр,3сар,үнэг,1,1,1
2014,Хэнтий,Батноров,4сар,үхэр,1,1,1
2014,Хэнтий,Дадал,4сар,нохой,1,1,1
2014,Хэнтий,Дэлгэрхаан,4сар,үнэг,1,1,1
2014,Хэнтий,Мөрөн,4сар,үхэр,2,2,2
2014,Хэнтий,Норовлин,4сар,адуу,,1,
2014,Хэнтий,Норовлин,4сар,үхэр,1,1,
2014,Хэнтий,Норовлин,4сар,үнэг,1,1,1
2014,Хэнтий,Өмнөдэлгэр,4сар,үнэг,1,2,2
2014,Хэнтий,Батноров,5сар,үхэр,1,1,1
2014,Хэнтий,Хэрлэн,5сар,үхэр,1,1,1
2014,Хэнтий,Цэнхэрмандал,5сар,нохой,1,1,1
2014,Ховд,Чандмань,2сар,үхэр,1,1,1
2014,Ховд,Буянт,3сар,үхэр,2,2,1
2014,Ховд,Ховд,3сар,үхэр,1,1,
2014,Ховд,Жаргалант,3сар,үхэр,1,1,
2014,Ховд,Мянгад,4сар,үхэр,2,2,1
2014,Хөвсгөл,Рашаант,2сар,үхэр,1,2,2
2014,Хөвсгөл,Рашаант,2сар,Чоно,1,1,
2014,Хөвсгөл,Цагаан-Уул,4сар,үхэр,1,1,
2014,Хөвсгөл,Цагаан-Уул,4сар,үнэг,2,2,2
2014,Хөвсгөл,Баянзүрх,5сар,хонь,1,23,5
2014,Хөвсгөл,Баянзүрх,5сар,ямаа,1,54,5
2014,Хөвсгөл,Баянзүрх,5сар,нохой,,2,
2014,Хөвсгөл,Баянзүрх,5сар,Чоно,,1,
2014,Хөвсгөл,Шинэ-Идэр,5сар,үнэг,1,1,
2014,Хөвсгөл,Цагаан-Уул,5сар,тэмээ,1,2,
2014,Хөвсгөл,Цагаан-Уул,5сар,үнэг,1,1,
2014,Хөвсгөл,Арбулаг,6сар,үнэг,1,1,
2014,Хөвсгөл,Баянзүрх,6сар,хонь,1,6,4
2014,Хөвсгөл,Баянзүрх,6сар,ямаа,,1,1
2014,Хөвсгөл,Баянзүрх,6сар,нохой,,2,
2014,Хөвсгөл,Баянзүрх,6сар,Чоно,1,1,
2014,Хөвсгөл,Мөрөн,6сар,хонь,1,14,
2014,Өмнөговь,Баяндалай,1сар,ямаа,1,1,1
2014,Өмнөговь,Баяндалай,1сар,Чоно,1,1,1
2014,Өмнөговь,Булган,1сар,үхэр,1,1,1
2014,Өмнөговь,Номгон,2сар,Чоно,1,1,
2014,Өмнөговь,Баян-Овоо,2сар,тэмээ,1,1,1
2014,Өмнөговь,Баяндалай,2сар,Чоно,1,1,
2014,Өмнөговь,Булган,2сар,үхэр,1,1,
2014,Өмнөговь,Номгон,2сар,тэмээ,1,1,
2014,Өмнөговь,Номгон,2сар,ямаа,1,1,
2014,Өмнөговь,Номгон,2сар,үнэг,4,4,4
2014,Өмнөговь,Сэврэй,2сар,тэмээ,1,1,
2014,Өмнөговь,Сэврэй,2сар,үхэр,1,1,
2014,Өмнөговь,Цогт-Овоо,2сар,үнэг,1,1,
2014,Өмнөговь,Баяндалай,3сар,үхэр,1,1,1
2014,Өмнөговь,Баяндалай,3сар,хонь,1,1,1
2014,Өмнөговь,Баян-Овоо,3сар,тэмээ,2,2,2
2014,Өмнөговь,Баян-Овоо,3сар,үнэг,1,1,1
2014,Өмнөговь,Даланзадгад,3сар,тэмээ,1,1,1
2014,Өмнөговь,Номгон,3сар,үнэг,1,1,1
2014,Өмнөговь,Ханбогд,3сар,үнэг,1,1,1
2014,Өмнөговь,Ханхонгор,3сар,тэмээ,1,1,1
2014,Өмнөговь,Цогт-Овоо,3сар,тэмээ,1,1,1
2014,Өмнөговь,Цогтцэций,3сар,үхэр,1,1,1
2014,Өмнөговь,Цогтцэций,3сар,үнэг,1,1,1
2014,Өмнөговь,Мандал-Овоо,4сар,адуу,1,1,1
2014,Өмнөговь,Номгон,4сар,үнэг,1,1,1
2014,Өмнөговь,Ханбогд,4сар,тэмээ,1,1,1
2014,Өмнөговь,Ханбогд,4сар,үхэр,1,1,1
2014,Өмнөговь,Баян-Овоо,5сар,тэмээ,1,1,1
2014,Өмнөговь,Сэврэй,5сар,ямаа,1,1,
2014,Өмнөговь,Номгон,6сар,адуу,1,1,1
2014,Өмнөговь,Ханбогд,6сар,үхэр,1,1,1
2014,Өвөрхангай,Баруунбаян-Улаан,1сар,үхэр,1,1,1
2014,Өвөрхангай,Баруунбаян-Улаан,1сар,үнэг,1,2,2
2014,Өвөрхангай,Богд,1сар,тэмээ,1,1,1
2014,Өвөрхангай,Төгрөг,1сар,ямаа,1,3,3
2014,Өвөрхангай,Төгрөг,1сар ,үнэг,1,1,1
2014,Өвөрхангай,Баруунбаян-Улаан,2сар,адуу,1,1,1
2014,Өвөрхангай,Баруунбаян-Улаан,2сар,ямаа,1,1,1
2014,Өвөрхангай,Богд,2сар,тэмээ,1,1,1
2014,Өвөрхангай,Богд,2сар,үхэр,1,1,1
2014,Өвөрхангай,Гучин-Ус,2сар,тэмээ,1,1,1
2014,Өвөрхангай,Төгрөг,2сар,тэмээ,1,1,1
2014,Өвөрхангай,Төгрөг,2сар,үнэг,2,2,2
2014,Өвөрхангай,Уянга,2сар,Чоно,1,1,1
2014,Өвөрхангай,Арвайхээр,2сар,үхэр,1,1,1
2014,Өвөрхангай,Баруунбаян-Улаан,3сар,үхэр,1,1,1
2014,Өвөрхангай,Баруунбаян-Улаан,3сар,нохой,2,2,2
2014,Өвөрхангай,Баруунбаян-Улаан,3сар,нохой,1,1,1
2014,Өвөрхангай,Баянгол,3сар,тэмээ,1,1,1
2014,Өвөрхангай,Баянгол,3сар,үхэр,1,1,1
2014,Өвөрхангай,Баянгол,3сар,ямаа,1,1,1
2014,Өвөрхангай,Гучин-Ус,3сар,тэмээ,1,1,1
2014,Өвөрхангай,Гучин-Ус,3сар,үхэр,3,3,3
2014,Өвөрхангай,Зүүнбаян-Улаан,3сар,үнэг,1,1,1
2014,Өвөрхангай,Төгрөг,3сар,тэмээ,1,1,1
2014,Өвөрхангай,Төгрөг,3сар,үнэг,3,3,3
2014,Өвөрхангай,Уянга,3сар,ямаа,1,1,1
2014,Өвөрхангай,Уянга,3сар,Чоно,1,1,1
2014,Өвөрхангай,Хайрхандулаан,3сар,үхэр,1,1,1
2014,Өвөрхангай,Хайрхандулаан,3сар,үнэг,1,1,1
2014,Өвөрхангай,Есөнзүйл,3сар,үхэр,1,1,1
2014,Өвөрхангай,Есөнзүйл,3сар,үнэг,1,1,1
2014,Өвөрхангай,Баянгол,4сар,үхэр,1,1,1
2014,Өвөрхангай,Бүрд,4сар,үхэр,1,1,1
2014,Өвөрхангай,Гучин-Ус,4сар,тэмээ,1,1,1
2014,Өвөрхангай,Гучин-Ус,4сар,ямаа,1,1,1
2014,Өвөрхангай,Төгрөг,4сар,тэмээ,2,2,2
2014,Өвөрхангай,Төгрөг,4сар,үхэр,2,2,2
2014,Өвөрхангай,Төгрөг,4сар,ямаа,1,1,1
2014,Өвөрхангай,Төгрөг,4сар,үнэг,1,1,1
2014,Өвөрхангай,Уянга,4сар,нохой,2,2,2
2014,Өвөрхангай,Гучин-Ус,5сар,тэмээ,1,1,1
2014,Өвөрхангай,Төгрөг,5сар,нохой,1,1,1
2014,Өвөрхангай,Уянга,5сар,нохой,1,1,1
2014,Өвөрхангай,Хайрхандулаан,5сар,адуу,1,1,1
2014,Өвөрхангай,Хужирт,5сар,үнэг,1,1,1
2014,Өвөрхангай,Гучин-Ус,6сар,үхэр,1,1,1
2014,Өвөрхангай,Тарагт,6сар,нохой,1,1,1
2014,Өвөрхангай,Төгрөг,6сар,ямаа,1,2,2
2014,Өвөрхангай,Хайрхандулаан,6сар,адуу,1,1,1
2014,Сүхбаатар,Мөнххаан,2сар,үхэр,1,1,1
2014,Сүхбаатар,Уулбаян,2сар,үхэр,2,2,2
2014,Сүхбаатар,Эрдэнэцагаан,2сар,адуу,1,1,1
2014,Сүхбаатар,Мөнххаан,3сар,үхэр,1,1,1
2014,Сүхбаатар,Онгон,3сар,үхэр,2,2,
2014,Сүхбаатар,Эрдэнэцагаан,5сар,үхэр,2,2,1
2014,Сүхбаатар,Баяндэлгэр,6сар,үнэг,1,2,1
2014,Сүхбаатар,Баяндэлгэр,6сар,нохой,1,1,1
2014,Сүхбаатар,Дарьганга,6сар,адуу,1,2,
2014,Сүхбаатар,Дарьганга,6сар,үхэр,1,18,
2014,Сүхбаатар,Наран,6сар,үхэр,1,7,7
2014,Төв,Баян,3сар,үхэр,1,1,
2014,Төв,Баяндэлгэр,3сар,нохой,1,1,
2014,Төв,Эрдэнэ,3сар,үхэр,1,1,
2014,Улаанбаатар,Баянзүрх,6сар,Чоно,1,1,
2014,Увс,Хяргас,3сар,хонь,1,1,
2014,Увс,Сагиль,4сар,үхэр,1,1,1
2014,Завхан,Нөмрөг,2сар,үнэг,1,1,
2014,Завхан,Цагаанчулуут,2сар,тэмээ,1,1,
2014,Завхан,Нөмрөг,3сар,ямаа,1,1,
2014,Завхан,Түдэвтэй,3сар,үнэг,1,1,
2014,Баянхонгор,Бөмбөгөр,7сар,үхэр,1,2,
2014,Баянхонгор,Баянлэг,7сар,нохой,1,1,
2014,Баянхонгор,Шинэжинст,7сар,тэмээ,1,1,
2014,Булган,Баяннуур,7сар,үхэр,1,1,
2014,Булган,Бүрэгхангай,7сар,нохой,1,1,
2014,Өвөрхангай,Баянгол,7сар,үхэр,1,1,
2014,Өвөрхангай,Уянга,7сар,үхэр,1,1,
2014,Өвөрхангай,Хайрхандулаан,7сар,адуу,1,1,
2014,Өвөрхангай,Уянга,7сар,нохой,1,1,
2014,Өвөрхангай,Хайрхандулаан,7сар,адуу,1,2,
2014,Өвөрхангай,Хархорин,7сар,үхэр,1,1,
2014,Өвөрхангай,Хархорин,7сар,үхэр,1,2,
2014,Өвөрхангай,Хархорин,7сар,үхэр,1,1,
2014,Өвөрхангай,Сант,7сар,нохой,1,1,
2014,Өвөрхангай,Баянгол,7сар,үхэр,1,1,
2014,Өвөрхангай,Баян-Өндөр,7сар,нохой,1,1,
2014,Өвөрхангай,Хархорин,7сар,үхэр,1,1,
2014,Өвөрхангай,Хархорин,7сар,үхэр,1,1,
2014,Өмнөговь,Ханбогд,7сар,үхэр,1,1,
2014,Сүхбаатар,Эрдэнэцагаан,7сар,адуу,1,1,
2014,Хөвсгөл,Галт,7сар,үхэр,1,1,
2014,Хэнтий,Норовлин,7сар,үхэр,1,1,
2014,Баянхонгор,Шинэжинст,8сар,тэмээ,1,1,
2014,Баянхонгор,Шинэжинст,8сар,тэмээ,1,1,
2014,Өвөрхангай,Сант,8сар,нохой,1,1,
2014,Өвөрхангай,Хархорин,8сар,үхэр,1,1,
2014,Өмнөговь,Хүрмэн,8сар,ямаа,1,1,
2014,Өмнөговь,Хүрмэн,8сар,адуу,1,1,
2014,Өмнөговь,Ханбогд,8сар,тэмээ,1,1,
2014,Төв,Эрдэнэсант,8сар,адуу,1,1,
2014,Ховд,Мөст,8сар,Чоно,1,1,
2014,Баянхонгор,Шинэжинст,9сар,тэмээ,1,1,
2014,Баянхонгор,Шинэжинст,9сар,тэмээ,1,1,
2014,Баянхонгор,Шинэжинст,9сар,тэмээ,1,1,
2014,Булган,Баян-Агт,9сар,үхэр,1,1,
2014,Дундговь,Гурвансайхан,9сар,үхэр,1,3,
2014,Өвөрхангай,Тарагт,9сар,үхэр,1,1,
2014,Өвөрхангай,Уянга,9сар,үхэр,1,1,
2014,Өвөрхангай,Хайрхандулаан,9сар,үхэр,1,1,
2014,Өвөрхангай,Хайрхандулаан,9сар,Чоно,1,1,
2014,Өвөрхангай,Нарийнтээл,9сар,адуу,1,1,
2014,Өвөрхангай,Бүрд,9сар,нохой,1,1,
2014,Өмнөговь,Ханбогд,9сар,тэмээ,1,1,
2014,Өмнөговь,Ханбогд,9сар,тэмээ,1,1,
2014,Өмнөговь,Баян-Овоо,9сар,тэмээ,1,1,
2014,Төв,Алтанбулаг,9сар,адуу,1,1,
2014,Увс,Сагиль,9сар,үхэр,1,1,
2014,Баянхонгор,Шинэжинст,10сар,тэмээ,1,1,
2014,Булган,Могод,10сар,үхэр,1,1,
2014,Булган,Могод,10сар,үнэг,1,1,
2014,Говьсүмбэр,Сүмбэр,10сар,үхэр,1,1,
2014,Говьсүмбэр,Сүмбэр,10сар,ямаа,1,1,
2014,Дорноговь,Хөвсгөл,10сар,бог,1,15,
2014,Дорноговь,Хөвсгөл,10сар,тэмээ,1,1,
2014,Өвөрхангай,Нарийнтээл,10сар,адуу,1,1,
2014,Өвөрхангай,Нарийнтээл,10сар,үхэр,1,1,
2014,Өвөрхангай,Өлзийт,10сар,үхэр,1,1,
2014,Өмнөговь,Баяндалай,10сар,үхэр,1,1,
2014,Өмнөговь,Ханбогд,10сар,тэмээ,1,1,
2014,Ховд,Эрдэнэбүрэн,10сар,тэмээ,1,1,
2014,Ховд,Эрдэнэбүрэн,10сар,бог,1,1,
2014,Хэнтий,Дэлгэрхаан,10сар,үнэг,1,1,
2014,Хэнтий,Өмнөдэлгэр,10сар,үнэг,1,1,
2014,Хэнтий,Баянхутаг,10сар,үхэр,1,1,
2014,Баян-Өлгий,Толбо,11сар,ямаа,1,1,
2014,Баянхонгор,Баян-Өндөр,11сар,тэмээ,1,1,
2014,Баянхонгор,Баян-Овоо,11сар,тэмээ,1,1,
2014,Булган,Рашаант,11сар,нохой,1,1,
2014,Говь-Алтай,Цогт,11сар,тэмээ,1,2,
2014,Говьсүмбэр,Сүмбэр,11сар,үхэр,1,1,
2014,Говьсүмбэр,Сүмбэр,11сар,үхэр,1,1,
2014,Говьсүмбэр,Сүмбэр,11сар,тэмээ,1,2,
2014,Дорнод,Дашбалбар,11сар,адуу,1,1,
2014,Дорнод,Сэргэлэн,11сар,үхэр,1,1,
2014,Дундговь,Сайхан-Овоо,11сар,хонь,1,3,
2014,Дундговь,Сайхан-Овоо,11сар,хонь,1,1,
2014,Дундговь,Сайхан-Овоо,11сар,ямаа,1,4,
2014,Дундговь,Адаацаг,11сар,ямаа,1,1,
2014,Дундговь,Дэлгэрхангай,11сар,хонь,1,1,
2014,Өвөрхангай,Есөнзүйл,11сар,үхэр,1,1,
2014,Өвөрхангай,Хархорин,11сар,үхэр,1,1,
2014,Өвөрхангай,Нарийнтээл,11сар,нохой,1,1,
2014,Өвөрхангай,Өлзийт,11сар,тэмээ,1,1,
2014,Өвөрхангай,Хархорин,11сар,үхэр,1,1,
2014,Өмнөговь,Баяндалай,11сар,Чоно,1,1,
2014,Өмнөговь,Баяндалай,11сар,хонь,1,1,
2014,Өмнөговь,Баяндалай,11сар,тэмээ,1,1,
2014,Сүхбаатар,Эрдэнэцагаан,11сар,адуу,1,1,
2014,Сүхбаатар,Баруун-Урт,11сар,нохой,1,1,
2014,Сүхбаатар,Эрдэнэцагаан,11сар,үхэр,1,1,
2014,Увс,Наранбулаг,11сар,үхэр,1,1,
2014,Ховд,Манхан,11сар,нохой,1,1,
2014,Хөвсгөл,Цагаан-Уул,11сар,Чоно,1,1,
2014,Хэнтий,Батноров,11сар,үнэг,1,1,
2014,Хэнтий,Хэрлэн,11сар,нохой,1,2,
2014,Булган,Дашинчилэн,12сар,үхэр,1,1,
2014,Булган,Рашаант,12сар,үхэр,1,2,
2014,Өвөрхангай,Баруунбаян-Улаан,12сар,үхэр,1,1,
2014,Өвөрхангай,Тарагт,12сар,нохой,1,1,
2014,Өвөрхангай,Уянга,12сар,үхэр,1,1,
2014,Өвөрхангай,Өлзийт,12сар,нохой,1,1,
2014,Өмнөговь,Хүрмэн,12сар,тэмээ,1,1,
2014,Өмнөговь,Баяндалай,12сар,үхэр,1,1,
2014,Хэнтий,Батноров,12сар,үхэр,1,1,
2014,Увс,Зүүнговь,12сар,үхэр,1,1,
2014,Увс,Наранбулаг,12сар,тэмээ,1,5,
2015,Архангай,Өгийнуур,1сар,ямаа,1,1,
2015,Архангай,Өгийнуур,1сар,нохой,1,1,
2015,Архангай,хашаат,1сар,үхэр ,1,1,
2015,Архангай,хашаат,1сар,үхэр ,1,1,
2015,Баянхонгор,Баянлиг,1сар,нохой,,1,
2015,Баянхонгор,Бууцагаан,1сар,үхэр,1,1,
2015,Баянхонгор,Баянбулаг,1сар,үнэг,1,1,
2015,Баянхонгор,Жаргалант,1сар,нохой,1,1,
2015,Баянхонгор,Баянхонгор,1сар,чоно,1,1,
2015,Баянхонгор,Баянхонгор,1сар,нохой,1,1,
2015,Булган,Баян-Агт,1сар,үхэр,1,1,
2015,Булган,Баяннуур,1сар,үхэр,1,1,
2015,Булган,Гурванбулаг,1сар,нохой,1,1,
2015,Булган,Рашаант,1сар,нохой,1,1,
2015,Булган,Рашаант,1сар,адуу,1,1,
2015,Дорноговь,Иххэт,1сар,чоно,1,1,
2015,Увс,Улаангом,1сар,үнэг,1,1,
2015,Ховд,Үенч,1сар,үхэр,1,1,
2015,Ховд,Чандмань,1сар,адуу,1,1,
2015,Хөвсгөл,Цагаан-уул,1сар,чоно,1,1,
2015,Хөвсгөл,Цагаан-уул,1сар,хонь,1,5,
2015,Хөвсгөл,Цагаан-уул,1сар,нохой,1,2,
2015,Хөвсгөл,Цагаан-уул,1сар,үнэг,1,1,
2015,Хөвсгөл,Цагаан-уул,1сар,үнэг,1,1,
2015,Хөвсгөл,Галт,1сар,үхэр,1,1,
2015,Хэнтий,батноров,1сар,үхэр,1,1,
2015,Хэнтий,жаргалтхаан,1сар,үхэр,1,1,
2015,Хэнтий,дадал,1сар,үхэр,1,1,
2015,Хэнтий,хэрлэн,1сар,үхэр,1,1,
2015,Хэнтий,баянхутаг,1сар,үхэр,1,1,
2015,Хэнтий,хэрлэн,1сар,үхэр,1,1,
2015,Хэнтий,Баян-Овоо,1сар,нохой,1,1,
2015,Дундговь,Цагаандэлгэр,1сар,үхэр,1,1,
2015,Дундговь,Цагаандэлгэр,1сар,ямаа,1,1,
2015,Дундговь,Цагаандэлгэр,1сар,үхэр,1,1,
2015,Дундговь,Адаацаг,2сар,үнэг,1,1,
2015,Баян-Өлгий,Толбо,2сар,үхэр,1,4,
2015,Баян-Өлгий,Улаанхус,2сар,үнэг,1,1,
2015,Баян-Өлгий,Улаанхус,2сар,нохой,1,5,
2015,Баян-Өлгий,Улаанхус,2сар,муур,1,1,
2015,Баян-Өлгий,Улаанхус,2сар,ямаа,1,17,
2015,Увс,зүүнговь,2сар,үхэр,1,2,
2015,Баянхонгор,Эрдэнэцогт,2сар,нохой,1,1,
2015,Булган,Сайхан,2сар,нохой,1,1,
2015,Булган,Рашаант,2сар,үхэр,1,1,
2015,Увс,Малчин,,үнэг,1,1,
2015,Увс,зүүнговь,,нохой,,1,
2015,Увс,зүүнговь,,үхэр,1,2,
2015,Увс,зүүнговь,,хонь,1,2,
2015,Увс,зүүнговь,,үнэг,1,1,
2015,Увс,Наранбулаг,,нохой,1,1,
2015,Увс,Малчин,,хонь,1,6,
2015,Увс,Наранбулаг,2сар,тэмээ,1,1,
2015,Баян-Өлгий,Улаанхус,3сар,ямаа,1,2,
2015,Орхон,Жаргалант,3сар,үхэр,1,1,
2015,Өмнөговь,Хүрмэн,,тэмээ,1,1,
2015,Өмнөговь,Хүрмэн,3сар,ямаа,1,1,
2015,Говь-Алтай,Есөнбулаг,3сар,үхэр,1,2,
2015,Говь-Алтай,Халиун,3сар,үхэр,1,3,
2015,Говь-Алтай,Цогт,3сар,үхэр,1,1,
2015,Говь-Алтай,Цогт,3сар,үнэг,,5,
2015,Говь-Алтай,Есөнбулаг,3сар,үхэр,1,1,
2015,Говь-Алтай,Баян-Уул,3сар,үнэг,1,1,
2015,Говь-Алтай,Есөнбулаг,3сар,үхэр,1,1,
2015,Говь-Алтай,Бугат,3сар,чоно,1,1,
2015,Говь-Алтай,Хөхморьт,3сар,үнэг,1,1,
2015,Говь-Алтай,Халиун,3сар,тэмээ,1,1,
2015,Говь-Алтай,Шарга,3сар,ямаа,1,1,
2015,Говь-Алтай,Цогт,3сар,чоно,1,1,
2015,Баянхонгор,Баян-Овоо,3сар,үнэг,1,1,
2015,Дундговь,Өлзийт,3сар,тэмээ,1,2,
2015,Дундговь,Өлзийт,3сар,тэмээ,1,1,
2015,Дундговь,Говь-Угтаал,3сар,үхэр,1,1,
2015,Дундговь,Луус,3сар,үхэр,1,1,
2015,Булган,Баяннуур,3сар,үхэр,1,2,
2015,Булган,Баяннуур,3сар,үхэр,1,1,
2015,Булган,Баяннуур,3сар,үхэр,1,3,
2015,Булган,Баяннуур,3сар,үхэр,1,1,
2015,Булган,Гурванбулаг,3сар,үхэр,1,1,
2015,Дорноговь,Хөвсгөл,3сар,тэмээ,1,1,
2015,Хэнтий,баянхутаг,3сар,үхэр,1,1,
2015,Хэнтий,баянхутаг,3сар,үхэр,1,1,
2015,Хэнтий,баянхутаг,3сар,үхэр,1,1,
2015,Хэнтий,Батширээт,3сар,үхэр,1,1,
2015,Хэнтий,баянхутаг,3сар,нохой,1,1,
2015,Хэнтий,дадал,3сар,үхэр,1,1,
2015,Хэнтий,баянхутаг,3сар,үнэг,1,1,
2015,Хэнтий,Галшар,3сар,үнэг,,1,
2015,Хэнтий,мөрөн,3сар,чоно,,1,
2015,Хэнтий,хэрлэн,3сар,нохой,1,1,
2015,Ховд,Мөнххайрхан,3сар,чоно,1,1,
2015,Ховд,буянт,3сар,үхэр,1,1,
2015,Ховд,мянгад,3сар,үхэр,1,1,
2015,Ховд,Жаргалант,3сар,үхэр,1,1,
2015,Ховд,Ховд,3сар,ямаа,,1,
2015,Ховд,Ховд,3сар,тэмээ,1,1,
2015,Ховд,Чандмань,3сар,үхэр,1,2,
2015,Ховд,Чандмань,3сар,тэмээ,1,1,
2015,Увс,зүүнговь,3сар,үхэр,1,2,
2015,Увс,зүүнговь,3сар,хонь,1,2,
2015,Увс,зүүнговь,3сар,үнэг,1,1,
2015,Сүхбаатар,Баруун-Урт ,1 сар,үхэр,1,1,
2015,Сүхбаатар,Баруун-Урт,,үхэр,1,1,
2015,Сүхбаатар,Баяндэлгэр,,үхэр,1,1,
2015,Сүхбаатар,Баяндэлгэр,,үхэр,1,7,
2015,Сүхбаатар,Баяндэлгэр,,үхэр,,2,
2015,Сүхбаатар,Уулбаян,,үхэр,,7,
2015,Дорнод,Сэргэлэн,,үхэр,1,4,
2015,Дорнод,Булган,,үнэг,1,1,
2015,Дорнод,Баян-Уул,,үхэр,1,1,
2015,Төв,Баянцогт,,үхэр,1,1,
2015,Төв,Баянцогт,,үхэр,1,1,
2015,Төв,Баянцогт,,үхэр,1,1,
2015,Баянхонгор,Баянлиг,,нохой,1,1,
2015,Баянхонгор,Бууцагаан,,үхэр,1,1,
2015,Баянхонгор,Баянбулаг,,үнэг,1,1,
2015,Баянхонгор,Жаргалант,,нохой,1,1,
2015,Баянхонгор,Шаргалжуут,,чоно,1,1,
2015,Баянхонгор,Шаргалжуут,,нохой,1,1,
2015,Баянхонгор,Эрдэнэцогт,,нохой,1,1,
2015,Баянхонгор,Баян-Овоо,,үнэг,1,1,
2015,Увс,Түргэн,,хонь,1,1,
2015,Увс,Улаангом,,үнэг,1,1,
2015,Увс,Малчин,,хонь,1,6,
2015,Баянхонгор,Өлзийт,6сар,үхэр,1,1,
2015,Баянхонгор,Бөмбөгөр,6сар,үхэр,1,1,
2015,Баянхонгор,Бууцагаан,6сар,хонь,1,3,
2015,Баянхонгор,Галуут,6сар,үхэр,1,1,
2015,Баянхонгор,Баянбулаг,6сар,чоно,1,1,
2015,Хэнтий,баянхутаг,6сар,ямаа,1,1,
2015,Хэнтий,хэрлэн,6сар,үхэр,1,1,
2015,Хэнтий,баянхутаг,6сар,үхэр,1,1,
2015,Хэнтий,хэрлэн,6сар,нохой,1,1,
2015,Хэнтий,дэлгэрхаан,4сар,үхэр,1,1,
2015,Хэнтий,Баян-Адарга,4сар,үхэр,1,1,
2015,Хэнтий,баянхутаг,4сар,үхэр,1,1,
2015,Хэнтий,баянхутаг,4сар,үхэр,,1,
2015,Хэнтий,баянхутаг,4сар,үхэр,,1,
2015,Хэнтий,баянхутаг,4сар,үнэг,,1,
2015,Хэнтий,хэрлэн,4сар,үхэр,,1,
2015,Хэнтий,Галшар,4сар,үхэр,,1,
2015,Хэнтий,Мөрөн,4сар,үхэр,,1,
2015,Хэнтий,Баян-Адарга,4сар,үхэр,,1,
2015,Хэнтий,Баянмөнх,4сар,үхэр,,1,
2015,Хэнтий,баянхутаг,4сар,нохой,,1,
2015,Хэнтий,батноров,4сар,үхэр,,1,
2015,Хэнтий,Баян-Адарга,5сар,хонь,,1,
2015,Хэнтий,дадал,5сар,үхэр,,1,
2015,Хэнтий,батноров,5сар,чоно,,1,
2015,Хэнтий,өмнөдэлгэр,5сар,үхэр,,1,
2015,Хэнтий,Галшар,5сар,үхэр,,2,
2015,Ховд,Мөст,6сар,үнэг,,1,
2015,Ховд,Дөргөн,6сар,үнэг,,2,
2015,Ховд,Дөргөн,6сар,үнэг,,1,
2015,Ховд,Чандмань,6сар,үхэр,,4,
2015,Ховд,Ховд,6сар,тэмээ,,1,
2015,Говь-Алтай,Тайшир,5сар,үхэр,,1,
2015,Говь-Алтай,Алтай,5сар,үнэг,,1,
2015,Баянхонгор,Галуут,5сар,үхэр,,1,
2015,Орхон,Баян-Өндөр,5сар,үхэр,,1,
2015,Сүхбаатар,Баяндэлгэр,5сар,үхэр,,1,
2015,Булган,Баяннуур,5сар,үхэр,,1,
2015,Булган,Дашинчилэн ,5сар,дорго,,1,
2015,Булган,Орхон,5сар,тэмээ,,1,
2015,Булган,Орхон,5сар,үхэр,,3,
2015,Булган,Сайхан,5сар,үнэг,,1,
2015,Төв,Баянжаргалан,5сар,хонь,,4,
2015,Төв,Баянжаргалан,5сар,ямаа,,3,
2015,Төв,Аргалант,5сар,дорго,,1,
2015,Төв,Угтаалцайдам,5сар,үхэр,,1,
2015,Архангай,хашаат,4сар,үхэр,,2,
2015,Баян-Өлгий,Улаанхус,4сар,нохой,,3,
2015,Баян-Өлгий,Улаанхус,4сар,үнэг,,1,
2015,Баянхонгор,Өлзийт,4сар,үхэр,,1,
2015,Баянхонгор,Бөмбөгөр,4сар,үхэр,,1,
2015,Баянхонгор,Бууцагаан,4сар,хонь,,3,
2015,Баянхонгор,Баянбулаг,4сар,чоно,,1,
2015,Говь-Алтай,Есөнбулаг,4сар,нохой,,1,
2015,Говь-Алтай,Есөнбулаг,4сар,үнэг,,1,
2015,Говь-Алтай,Есөнбулаг,4сар,үхэр,,1,
2015,Говь-Алтай,Шарга,4сар,ямаа,,1,
2015,Говь-Алтай,Тайшир,4сар,хонь,,1,
2015,Говь-Алтай,Жаргалан,4сар,ямаа,,1,
2015,Говь-Алтай,Жаргалан,4сар,нохой,,1,
2015,Говь-Алтай,Жаргалан,4сар,ямаа,,1,
2015,Говь-Алтай,Халиун,4сар,үхэр,,1,
2015,Говь-Алтай,Халиун,4сар,үхэр,,1,
2015,Говь-Алтай,Тайшир,4сар,үхэр,,1,
2015,Говь-Алтай,Шарга,4сар,үхэр,,1,
2015,Говь-Алтай,Дарви,4сар,тэмээ,,1,
2015,Говь-Алтай,Дарви,4сар,тэмээ,,1,
2015,Говь-Алтай,Дарви,4сар,үнэг,,1,
2015,Говь-Алтай,Дэлгэр,4сар,үхэр,,1,
2015,Дундговь,Дэлгэрцогт,4сар,үхэр,,1,
2015,Дорноговь,Өргөн,4сар,ямаа,,1,
2015,Дорнод,Хэрлэн,4сар,үхэр,,1,
2015,Дорнод,Матад,4сар,үхэр,,1,
2015,Завхан,Тэс,4сар,үнэг,,1,
2015,Завхан,Отгон,4сар,үхэр,,1,
2015,Завхан,Түдэвтэй,4сар,нохой,,1,
2015,Завхан,Цагаанхайрхан,4сар,үнэг,,1,
2015,Завхан,Цагаанхайрхан,4сар,ямаа,,2,
2015,Завхан,Алдархаан,4сар,үхэр,,1,
2015,Завхан,Отгон,4сар,үхэр,,1,
2015,Завхан,Отгон,4сар,хярс,,1,
2015,Завхан,Эрдэнэхайрхан,4сар,шилүүс,,1,
2015,Завхан,Тэс,4сар,үхэр,,3,
2015,Завхан,Түдэвтэй,4сар,үхэр,,1,
2015,Завхан,Алдархаан,4сар,ямаа,,1,
2015,Орхон,Жаргалант,4сар,үхэр,,1,
2015,Өвөрхангай,Тарагт,1сар,ямаа,,1,
2015,Өвөрхангай,Төгрөг,1сар,тэмээ,,1,
2015,Өвөрхангай,Тарагт,1сар,хонь,,1,
2015,Өвөрхангай,Хужирт,1сар,нохой,,1,
2015,Өвөрхангай,Бүрд,1сар,нохой,,1,
2015,Өвөрхангай,Төгрөг,3сар,үнэг,,1,
2015,Өвөрхангай,Гучин-ус,3сар,үнэг,,1,
2015,Өвөрхангай,Тарагт,4сар,үхэр,,1,
2015,Өвөрхангай,Зүүнбаян улаан,4сар,үнэг,,1,
2015,Өвөрхангай,Хайрхандулаан,4сар,үхэр,,1,
2015,Өвөрхангай,Уянга,4сар,үхэр,,1,
2015,Өвөрхангай,Тарагт,5сар,нохой,,1,
2015,Өвөрхангай,Тарагт,5сар,хонь,,1,
2015,Өвөрхангай,Арвайхээр,6сар,үхэр,,1,
2015,Өвөрхангай,Арвайхээр,6сар,үхэр,,1,
2015,Өмнөговь,Хүрмэн,4сар,адуу,,1,
2015,Сүхбаатар,Мөнххаан,4сар,нохой,,1,
2015,Ховд,Дөргөн,4сар,тэмээ,,1,
2015,Ховд,Манхан,4сар,тэмээ,,1,
2015,Ховд,Мөнххайрхан,4сар,үхэр,,5,
2015,Ховд,Мөнххайрхан,4сар,хонь,,3,
2015,Хэнтий,дэлгэрхаан,4сар,үхэр,,1,
2015,Хэнтий,Баян-Адарга,4сар,үхэр,,1,
2015,Хэнтий,баянхутаг,4сар,үхэр,,1,
2015,Хэнтий,баянхутаг,4сар,үхэр,,1,
2015,Хэнтий,баянхутаг,4сар,үхэр,,1,
2015,Хэнтий,баянхутаг,4сар,үхэр,,1,
2015,Хэнтий,хэрлэн,4сар,үхэр,,1,
2015,Хэнтий,Галшар,4сар,үхэр,,1,
2015,Хэнтий,Мөрөн,4сар,үхэр,,1,
2015,Хэнтий,Баян-Адарга,4сар,үхэр,,1,
2015,Хэнтий,Баянмөнх,4сар,үхэр,,1,
2015,Хэнтий,баянхутаг,4сар,нохой,,1,
2015,Хэнтий,батноров,4сар,үхэр,,1,
2015,Улаанбаатар,Багануур,4сар,үнэг,,1,
2015,Архангай,хашаат,4сар,үхэр,,1,
2015,Архангай,Батцэнгэл,6сар,үхэр,,1,
2015,Архангай,Хангай,6сар,үхэр,,1,
2015,Архангай,Цэнхэр,,нохой,,1,